0,1
둔촌오륜,고덕
둔촌오륜,대흥
둔촌오륜,올림픽공원
둔촌오륜,돌곶이
둔촌오륜,학동
둔촌오륜,삼전
둔촌오륜,아현
둔촌오륜,상월곡
둔촌오륜,언주
둔촌오륜,한성대입구
둔촌오륜,거여
둔촌오륜,동작
둔촌오륜,상일동
둔촌오륜,신사
둔촌오륜,강동구청
둔촌오륜,개화산
둔촌오륜,신길
둔촌오륜,이수
둔촌오륜,신당
둔촌오륜,잠실나루
둔촌오륜,양평
둔촌오륜,녹번
둔촌오륜,잠실
둔촌오륜,용답
창신,고려대
창신,서울대입구
창신,독바위
창신,목동
창신,선릉
창신,압구정
창신,양천구청
창신,강남
창신,이태원
창신,발산
창신,오금
창신,하남풍산
창신,상동
창신,신촌
창신,여의나루
창신,동대문역사문화공원
창신,신내
창신,부천시청
창신,몽촌토성
창신,중앙보훈병원
창신,을지로3가
창신,어린이대공원
창신,수진
창신,까치산
창신,아차산
창신,화랑대
창신,역촌
창신,제기동
창신,굽은다리
창신,신도림
창신,합정
창신,신금호
창신,창동
창신,마장
창신,행당
창신,굴포천
창신,불광
창신,송정
창신,삼각지
창신,부천종합운동장
창신,장암
창신,신풍
창신,애오개
창신,문정
창신,보문
창신,송파나루
창신,약수
창신,안국
창신,을지로입구
창신,미사
창신,독립문
창신,남한산성입구
창신,미아사거리
창신,홍제
창신,도봉산
창신,천호
창신,내방
창신,단대오거리
창신,뚝섬
창신,강일
창신,홍대입구
창신,버티고개
창신,남부터미널
창신,부평구청
창신,송파
창신,이대
창신,이촌
창신,안암
창신,무악재
창신,용마산
창신,디지털미디어시티
창신,마포구청
창신,광흥창
창신,경복궁
창신,화곡
창신,한강진
창신,월드컵경기장
창신,대림
창신,마천
창신,월곡
창신,길동
창신,방배
창신,성수
창신,지축
창신,숙대입구
창신,명일
창신,청구
창신,봉천
창신,동대입구
창신,구산
창신,서울역
창신,회현
창신,사가정
창신,잠실새내
창신,왕십리
창신,동묘앞
창신,혜화
창신,상수
창신,충무로
창신,학여울
창신,수서
창신,건대입구
창신,매봉
창신,중화
창신,강남구청
창신,쌍문
창신,신용산
창신,석촌고분
창신,상계
창신,하남검단산
창신,신정
창신,구의
창신,경찰병원
창신,마들
창신,청담
창신,도곡
창신,신중동
창신,을지로4가
창신,선정릉
창신,김포공항
창신,남태령
창신,동대문
창신,마포
창신,영등포시장
창신,고덕
창신,대흥
창신,올림픽공원
창신,돌곶이
창신,학동
창신,삼전
창신,아현
창신,상월곡
창신,언주
창신,한성대입구
창신,거여
창신,동작
창신,상일동
창신,신사
창신,강동구청
창신,개화산
창신,신길
창신,이수
창신,신당
창신,잠실나루
창신,양평
창신,녹번
창신,잠실
창신,용답
고려대,서울대입구
고려대,독바위
고려대,목동
고려대,선릉
고려대,압구정
고려대,양천구청
고려대,강남
고려대,이태원
고려대,발산
고려대,오금
고려대,하남풍산
고려대,상동
고려대,신촌
고려대,여의나루
고려대,동대문역사문화공원
고려대,신내
고려대,부천시청
고려대,몽촌토성
고려대,중앙보훈병원
고려대,을지로3가
고려대,어린이대공원
고려대,수진
고려대,까치산
고려대,아차산
고려대,화랑대
고려대,역촌
고려대,제기동
고려대,굽은다리
고려대,신도림
고려대,합정
고려대,신금호
고려대,창동
고려대,마장
고려대,행당
고려대,굴포천
고려대,불광
고려대,송정
고려대,삼각지
고려대,부천종합운동장
고려대,장암
고려대,신풍
고려대,애오개
고려대,문정
고려대,보문
고려대,송파나루
고려대,약수
고려대,안국
고려대,을지로입구
고려대,미사
고려대,독립문
고려대,남한산성입구
고려대,미아사거리
고려대,홍제
고려대,도봉산
고려대,천호
고려대,내방
고려대,단대오거리
고려대,뚝섬
고려대,강일
고려대,홍대입구
고려대,버티고개
고려대,남부터미널
고려대,부평구청
고려대,송파
고려대,이대
고려대,이촌
고려대,안암
고려대,무악재
고려대,용마산
고려대,디지털미디어시티
고려대,마포구청
고려대,광흥창
고려대,경복궁
고려대,화곡
고려대,한강진
고려대,월드컵경기장
고려대,대림
고려대,마천
고려대,월곡
고려대,길동
고려대,방배
고려대,성수
고려대,지축
고려대,숙대입구
고려대,명일
고려대,청구
고려대,봉천
고려대,동대입구
고려대,구산
고려대,서울역
고려대,회현
고려대,사가정
고려대,잠실새내
고려대,왕십리
고려대,동묘앞
고려대,혜화
고려대,상수
고려대,충무로
고려대,학여울
고려대,수서
고려대,건대입구
고려대,매봉
고려대,중화
고려대,강남구청
고려대,쌍문
고려대,신용산
고려대,석촌고분
고려대,상계
고려대,하남검단산
고려대,신정
고려대,구의
고려대,경찰병원
고려대,마들
고려대,청담
고려대,도곡
고려대,신중동
고려대,을지로4가
고려대,선정릉
고려대,김포공항
고려대,남태령
고려대,동대문
고려대,마포
고려대,영등포시장
고려대,고덕
고려대,대흥
고려대,올림픽공원
고려대,돌곶이
고려대,학동
고려대,삼전
고려대,아현
고려대,상월곡
고려대,언주
고려대,한성대입구
고려대,거여
고려대,동작
고려대,상일동
고려대,신사
고려대,강동구청
고려대,개화산
고려대,신길
고려대,이수
고려대,신당
고려대,잠실나루
고려대,양평
고려대,녹번
고려대,잠실
고려대,용답
서울대입구,독바위
서울대입구,목동
서울대입구,선릉
서울대입구,압구정
서울대입구,양천구청
서울대입구,강남
서울대입구,이태원
서울대입구,발산
서울대입구,오금
서울대입구,하남풍산
서울대입구,상동
서울대입구,신촌
서울대입구,여의나루
서울대입구,동대문역사문화공원
서울대입구,신내
서울대입구,부천시청
서울대입구,몽촌토성
서울대입구,중앙보훈병원
서울대입구,을지로3가
서울대입구,어린이대공원
서울대입구,수진
서울대입구,까치산
서울대입구,아차산
서울대입구,화랑대
서울대입구,역촌
서울대입구,제기동
서울대입구,굽은다리
서울대입구,신도림
서울대입구,합정
서울대입구,신금호
서울대입구,창동
서울대입구,마장
서울대입구,행당
서울대입구,굴포천
서울대입구,불광
서울대입구,송정
서울대입구,삼각지
서울대입구,부천종합운동장
서울대입구,장암
서울대입구,신풍
서울대입구,애오개
서울대입구,문정
서울대입구,보문
서울대입구,송파나루
서울대입구,약수
서울대입구,안국
서울대입구,을지로입구
서울대입구,미사
서울대입구,독립문
서울대입구,남한산성입구
서울대입구,미아사거리
서울대입구,홍제
서울대입구,도봉산
서울대입구,천호
서울대입구,내방
서울대입구,단대오거리
서울대입구,뚝섬
서울대입구,강일
서울대입구,홍대입구
서울대입구,버티고개
서울대입구,남부터미널
서울대입구,부평구청
서울대입구,송파
서울대입구,이대
서울대입구,이촌
서울대입구,안암
서울대입구,무악재
서울대입구,용마산
서울대입구,디지털미디어시티
서울대입구,마포구청
서울대입구,광흥창
서울대입구,경복궁
서울대입구,화곡
서울대입구,한강진
서울대입구,월드컵경기장
서울대입구,대림
서울대입구,마천
서울대입구,월곡
서울대입구,길동
서울대입구,방배
서울대입구,성수
서울대입구,지축
서울대입구,숙대입구
서울대입구,명일
서울대입구,청구
서울대입구,봉천
서울대입구,동대입구
서울대입구,구산
서울대입구,서울역
서울대입구,회현
서울대입구,사가정
서울대입구,잠실새내
서울대입구,왕십리
서울대입구,동묘앞
서울대입구,혜화
서울대입구,상수
서울대입구,충무로
서울대입구,학여울
서울대입구,수서
서울대입구,건대입구
서울대입구,매봉
서울대입구,중화
서울대입구,강남구청
서울대입구,쌍문
서울대입구,신용산
서울대입구,석촌고분
서울대입구,상계
서울대입구,하남검단산
서울대입구,신정
서울대입구,구의
서울대입구,경찰병원
서울대입구,마들
서울대입구,청담
서울대입구,도곡
서울대입구,신중동
서울대입구,을지로4가
서울대입구,선정릉
서울대입구,김포공항
서울대입구,남태령
서울대입구,동대문
서울대입구,마포
서울대입구,영등포시장
서울대입구,고덕
서울대입구,대흥
서울대입구,올림픽공원
서울대입구,돌곶이
서울대입구,학동
서울대입구,삼전
서울대입구,아현
서울대입구,상월곡
서울대입구,언주
서울대입구,한성대입구
서울대입구,거여
서울대입구,동작
서울대입구,상일동
서울대입구,신사
서울대입구,강동구청
서울대입구,개화산
서울대입구,신길
서울대입구,이수
서울대입구,신당
서울대입구,잠실나루
서울대입구,양평
서울대입구,녹번
서울대입구,잠실
서울대입구,용답
독바위,목동
독바위,선릉
독바위,압구정
독바위,양천구청
독바위,강남
독바위,이태원
독바위,발산
독바위,오금
독바위,하남풍산
독바위,상동
독바위,신촌
독바위,여의나루
독바위,동대문역사문화공원
독바위,신내
독바위,부천시청
독바위,몽촌토성
독바위,중앙보훈병원
독바위,을지로3가
독바위,어린이대공원
독바위,수진
독바위,까치산
독바위,아차산
독바위,화랑대
독바위,역촌
독바위,제기동
독바위,굽은다리
독바위,신도림
독바위,합정
독바위,신금호
독바위,창동
독바위,마장
독바위,행당
독바위,굴포천
독바위,불광
독바위,송정
독바위,삼각지
독바위,부천종합운동장
독바위,장암
독바위,신풍
독바위,애오개
독바위,문정
독바위,보문
독바위,송파나루
독바위,약수
독바위,안국
독바위,을지로입구
독바위,미사
독바위,독립문
독바위,남한산성입구
독바위,미아사거리
독바위,홍제
독바위,도봉산
독바위,천호
독바위,내방
독바위,단대오거리
독바위,뚝섬
독바위,강일
독바위,홍대입구
독바위,버티고개
독바위,남부터미널
독바위,부평구청
독바위,송파
독바위,이대
독바위,이촌
독바위,안암
독바위,무악재
독바위,용마산
독바위,디지털미디어시티
독바위,마포구청
독바위,광흥창
독바위,경복궁
독바위,화곡
독바위,한강진
독바위,월드컵경기장
독바위,대림
독바위,마천
독바위,월곡
독바위,길동
독바위,방배
독바위,성수
독바위,지축
독바위,숙대입구
독바위,명일
독바위,청구
독바위,봉천
독바위,동대입구
독바위,구산
독바위,서울역
독바위,회현
독바위,사가정
독바위,잠실새내
독바위,왕십리
독바위,동묘앞
독바위,혜화
독바위,상수
독바위,충무로
독바위,학여울
독바위,수서
독바위,건대입구
독바위,매봉
독바위,중화
독바위,강남구청
독바위,쌍문
독바위,신용산
독바위,석촌고분
독바위,상계
독바위,하남검단산
독바위,신정
독바위,구의
독바위,경찰병원
독바위,마들
독바위,청담
독바위,도곡
독바위,신중동
독바위,을지로4가
독바위,선정릉
독바위,김포공항
독바위,남태령
독바위,동대문
독바위,마포
독바위,영등포시장
독바위,고덕
독바위,대흥
독바위,올림픽공원
독바위,돌곶이
독바위,학동
독바위,삼전
독바위,아현
독바위,상월곡
독바위,언주
독바위,한성대입구
독바위,거여
독바위,동작
독바위,상일동
독바위,신사
독바위,강동구청
독바위,개화산
독바위,신길
독바위,이수
독바위,신당
독바위,잠실나루
독바위,양평
독바위,녹번
독바위,잠실
독바위,용답
목동,선릉
목동,압구정
목동,양천구청
목동,강남
목동,이태원
목동,발산
목동,오금
목동,하남풍산
목동,상동
목동,신촌
목동,여의나루
목동,동대문역사문화공원
목동,신내
목동,부천시청
목동,몽촌토성
목동,중앙보훈병원
목동,을지로3가
목동,어린이대공원
목동,수진
목동,까치산
목동,아차산
목동,화랑대
목동,역촌
목동,제기동
목동,굽은다리
목동,신도림
목동,합정
목동,신금호
목동,창동
목동,마장
목동,행당
목동,굴포천
목동,불광
목동,송정
목동,삼각지
목동,부천종합운동장
목동,장암
목동,신풍
목동,애오개
목동,문정
목동,보문
목동,송파나루
목동,약수
목동,안국
목동,을지로입구
목동,미사
목동,독립문
목동,남한산성입구
목동,미아사거리
목동,홍제
목동,도봉산
목동,천호
목동,내방
목동,단대오거리
목동,뚝섬
목동,강일
목동,홍대입구
목동,버티고개
목동,남부터미널
목동,부평구청
목동,송파
목동,이대
목동,이촌
목동,안암
목동,무악재
목동,용마산
목동,디지털미디어시티
목동,마포구청
목동,광흥창
목동,경복궁
목동,화곡
목동,한강진
목동,월드컵경기장
목동,대림
목동,마천
목동,월곡
목동,길동
목동,방배
목동,성수
목동,지축
목동,숙대입구
목동,명일
목동,청구
목동,봉천
목동,동대입구
목동,구산
목동,서울역
목동,회현
목동,사가정
목동,잠실새내
목동,왕십리
목동,동묘앞
목동,혜화
목동,상수
목동,충무로
목동,학여울
목동,수서
목동,건대입구
목동,매봉
목동,중화
목동,강남구청
목동,쌍문
목동,신용산
목동,석촌고분
목동,상계
목동,하남검단산
목동,신정
목동,구의
목동,경찰병원
목동,마들
목동,청담
목동,도곡
목동,신중동
목동,을지로4가
목동,선정릉
목동,김포공항
목동,남태령
목동,동대문
목동,마포
목동,영등포시장
목동,고덕
목동,대흥
목동,올림픽공원
목동,돌곶이
목동,학동
목동,삼전
목동,아현
목동,상월곡
목동,언주
목동,한성대입구
목동,거여
목동,동작
목동,상일동
목동,신사
목동,강동구청
목동,개화산
목동,신길
목동,이수
목동,신당
목동,잠실나루
목동,양평
목동,녹번
목동,잠실
목동,용답
선릉,압구정
선릉,양천구청
선릉,강남
선릉,이태원
선릉,발산
선릉,오금
선릉,하남풍산
선릉,상동
선릉,신촌
선릉,여의나루
선릉,동대문역사문화공원
선릉,신내
선릉,부천시청
선릉,몽촌토성
선릉,중앙보훈병원
선릉,을지로3가
선릉,어린이대공원
선릉,수진
선릉,까치산
선릉,아차산
선릉,화랑대
선릉,역촌
선릉,제기동
선릉,굽은다리
선릉,신도림
선릉,합정
선릉,신금호
선릉,창동
선릉,마장
선릉,행당
선릉,굴포천
선릉,불광
선릉,송정
선릉,삼각지
선릉,부천종합운동장
선릉,장암
선릉,신풍
선릉,애오개
선릉,문정
선릉,보문
선릉,송파나루
선릉,약수
선릉,안국
선릉,을지로입구
선릉,미사
선릉,독립문
선릉,남한산성입구
선릉,미아사거리
선릉,홍제
선릉,도봉산
선릉,천호
선릉,내방
선릉,단대오거리
선릉,뚝섬
선릉,강일
선릉,홍대입구
선릉,버티고개
선릉,남부터미널
선릉,부평구청
선릉,송파
선릉,이대
선릉,이촌
선릉,안암
선릉,무악재
선릉,용마산
선릉,디지털미디어시티
선릉,마포구청
선릉,광흥창
선릉,경복궁
선릉,화곡
선릉,한강진
선릉,월드컵경기장
선릉,대림
선릉,마천
선릉,월곡
선릉,길동
선릉,방배
선릉,성수
선릉,지축
선릉,숙대입구
선릉,명일
선릉,청구
선릉,봉천
선릉,동대입구
선릉,구산
선릉,서울역
선릉,회현
선릉,사가정
선릉,잠실새내
선릉,왕십리
선릉,동묘앞
선릉,혜화
선릉,상수
선릉,충무로
선릉,학여울
선릉,수서
선릉,건대입구
선릉,매봉
선릉,중화
선릉,강남구청
선릉,쌍문
선릉,신용산
선릉,석촌고분
선릉,상계
선릉,하남검단산
선릉,신정
선릉,구의
선릉,경찰병원
선릉,마들
선릉,청담
선릉,도곡
선릉,신중동
선릉,을지로4가
선릉,선정릉
선릉,김포공항
선릉,남태령
선릉,동대문
선릉,마포
선릉,영등포시장
선릉,고덕
선릉,대흥
선릉,올림픽공원
선릉,돌곶이
선릉,학동
선릉,삼전
선릉,아현
선릉,상월곡
선릉,언주
선릉,한성대입구
선릉,거여
선릉,동작
선릉,상일동
선릉,신사
선릉,강동구청
선릉,개화산
선릉,신길
선릉,이수
선릉,신당
선릉,잠실나루
선릉,양평
선릉,녹번
선릉,잠실
선릉,용답
압구정,양천구청
압구정,강남
압구정,이태원
압구정,발산
압구정,오금
압구정,하남풍산
압구정,상동
압구정,신촌
압구정,여의나루
압구정,동대문역사문화공원
압구정,신내
압구정,부천시청
압구정,몽촌토성
압구정,중앙보훈병원
압구정,을지로3가
압구정,어린이대공원
압구정,수진
압구정,까치산
압구정,아차산
압구정,화랑대
압구정,역촌
압구정,제기동
압구정,굽은다리
압구정,신도림
압구정,합정
압구정,신금호
압구정,창동
압구정,마장
압구정,행당
압구정,굴포천
압구정,불광
압구정,송정
압구정,삼각지
압구정,부천종합운동장
압구정,장암
압구정,신풍
압구정,애오개
압구정,문정
압구정,보문
압구정,송파나루
압구정,약수
압구정,안국
압구정,을지로입구
압구정,미사
압구정,독립문
압구정,남한산성입구
압구정,미아사거리
압구정,홍제
압구정,도봉산
압구정,천호
압구정,내방
압구정,단대오거리
압구정,뚝섬
압구정,강일
압구정,홍대입구
압구정,버티고개
압구정,남부터미널
압구정,부평구청
압구정,송파
압구정,이대
압구정,이촌
압구정,안암
압구정,무악재
압구정,용마산
압구정,디지털미디어시티
압구정,마포구청
압구정,광흥창
압구정,경복궁
압구정,화곡
압구정,한강진
압구정,월드컵경기장
압구정,대림
압구정,마천
압구정,월곡
압구정,길동
압구정,방배
압구정,성수
압구정,지축
압구정,숙대입구
압구정,명일
압구정,청구
압구정,봉천
압구정,동대입구
압구정,구산
압구정,서울역
압구정,회현
압구정,사가정
압구정,잠실새내
압구정,왕십리
압구정,동묘앞
압구정,혜화
압구정,상수
압구정,충무로
압구정,학여울
압구정,수서
압구정,건대입구
압구정,매봉
압구정,중화
압구정,강남구청
압구정,쌍문
압구정,신용산
압구정,석촌고분
압구정,상계
압구정,하남검단산
압구정,신정
압구정,구의
압구정,경찰병원
압구정,마들
압구정,청담
압구정,도곡
압구정,신중동
압구정,을지로4가
압구정,선정릉
압구정,김포공항
압구정,남태령
압구정,동대문
압구정,마포
압구정,영등포시장
압구정,고덕
압구정,대흥
압구정,올림픽공원
압구정,돌곶이
압구정,학동
압구정,삼전
압구정,아현
압구정,상월곡
압구정,언주
압구정,한성대입구
압구정,거여
압구정,동작
압구정,상일동
압구정,신사
압구정,강동구청
압구정,개화산
압구정,신길
압구정,이수
압구정,신당
압구정,잠실나루
압구정,양평
압구정,녹번
압구정,잠실
압구정,용답
양천구청,강남
양천구청,이태원
양천구청,발산
양천구청,오금
양천구청,하남풍산
양천구청,상동
양천구청,신촌
양천구청,여의나루
양천구청,동대문역사문화공원
양천구청,신내
양천구청,부천시청
양천구청,몽촌토성
양천구청,중앙보훈병원
양천구청,을지로3가
양천구청,어린이대공원
양천구청,수진
양천구청,까치산
양천구청,아차산
양천구청,화랑대
양천구청,역촌
양천구청,제기동
양천구청,굽은다리
양천구청,신도림
양천구청,합정
양천구청,신금호
양천구청,창동
양천구청,마장
양천구청,행당
양천구청,굴포천
양천구청,불광
양천구청,송정
양천구청,삼각지
양천구청,부천종합운동장
양천구청,장암
양천구청,신풍
양천구청,애오개
양천구청,문정
양천구청,보문
양천구청,송파나루
양천구청,약수
양천구청,안국
양천구청,을지로입구
양천구청,미사
양천구청,독립문
양천구청,남한산성입구
양천구청,미아사거리
양천구청,홍제
양천구청,도봉산
양천구청,천호
양천구청,내방
양천구청,단대오거리
양천구청,뚝섬
양천구청,강일
양천구청,홍대입구
양천구청,버티고개
양천구청,남부터미널
양천구청,부평구청
양천구청,송파
양천구청,이대
양천구청,이촌
양천구청,안암
양천구청,무악재
양천구청,용마산
양천구청,디지털미디어시티
양천구청,마포구청
양천구청,광흥창
양천구청,경복궁
양천구청,화곡
양천구청,한강진
양천구청,월드컵경기장
양천구청,대림
양천구청,마천
양천구청,월곡
양천구청,길동
양천구청,방배
양천구청,성수
양천구청,지축
양천구청,숙대입구
양천구청,명일
양천구청,청구
양천구청,봉천
양천구청,동대입구
양천구청,구산
양천구청,서울역
양천구청,회현
양천구청,사가정
양천구청,잠실새내
양천구청,왕십리
양천구청,동묘앞
양천구청,혜화
양천구청,상수
양천구청,충무로
양천구청,학여울
양천구청,수서
양천구청,건대입구
양천구청,매봉
양천구청,중화
양천구청,강남구청
양천구청,쌍문
양천구청,신용산
양천구청,석촌고분
양천구청,상계
양천구청,하남검단산
양천구청,신정
양천구청,구의
양천구청,경찰병원
양천구청,마들
양천구청,청담
양천구청,도곡
양천구청,신중동
양천구청,을지로4가
양천구청,선정릉
양천구청,김포공항
양천구청,남태령
양천구청,동대문
양천구청,마포
양천구청,영등포시장
양천구청,고덕
양천구청,대흥
양천구청,올림픽공원
양천구청,돌곶이
양천구청,학동
양천구청,삼전
양천구청,아현
양천구청,상월곡
양천구청,언주
양천구청,한성대입구
양천구청,거여
양천구청,동작
양천구청,상일동
양천구청,신사
양천구청,강동구청
양천구청,개화산
양천구청,신길
양천구청,이수
양천구청,신당
양천구청,잠실나루
양천구청,양평
양천구청,녹번
양천구청,잠실
양천구청,용답
강남,이태원
강남,발산
강남,오금
강남,하남풍산
강남,상동
강남,신촌
강남,여의나루
강남,동대문역사문화공원
강남,신내
강남,부천시청
강남,몽촌토성
강남,중앙보훈병원
강남,을지로3가
강남,어린이대공원
강남,수진
강남,까치산
강남,아차산
강남,화랑대
강남,역촌
강남,제기동
강남,굽은다리
강남,신도림
강남,합정
강남,신금호
강남,창동
강남,마장
강남,행당
강남,굴포천
강남,불광
강남,송정
강남,삼각지
강남,부천종합운동장
강남,장암
강남,신풍
강남,애오개
강남,문정
강남,보문
강남,송파나루
강남,약수
강남,안국
강남,을지로입구
강남,미사
강남,독립문
강남,남한산성입구
강남,미아사거리
강남,홍제
강남,도봉산
강남,천호
강남,내방
강남,단대오거리
강남,뚝섬
강남,강일
강남,홍대입구
강남,버티고개
강남,남부터미널
강남,부평구청
강남,송파
강남,이대
강남,이촌
강남,안암
강남,무악재
강남,용마산
강남,디지털미디어시티
강남,마포구청
강남,광흥창
강남,경복궁
강남,화곡
강남,한강진
강남,월드컵경기장
강남,대림
강남,마천
강남,월곡
강남,길동
강남,방배
강남,성수
강남,지축
강남,숙대입구
강남,명일
강남,청구
강남,봉천
강남,동대입구
강남,구산
강남,서울역
강남,회현
강남,사가정
강남,잠실새내
강남,왕십리
강남,동묘앞
강남,혜화
강남,상수
강남,충무로
강남,학여울
강남,수서
강남,건대입구
강남,매봉
강남,중화
강남,강남구청
강남,쌍문
강남,신용산
강남,석촌고분
강남,상계
강남,하남검단산
강남,신정
강남,구의
강남,경찰병원
강남,마들
강남,청담
강남,도곡
강남,신중동
강남,을지로4가
강남,선정릉
강남,김포공항
강남,남태령
강남,동대문
강남,마포
강남,영등포시장
강남,고덕
강남,대흥
강남,올림픽공원
강남,돌곶이
강남,학동
강남,삼전
강남,아현
강남,상월곡
강남,언주
강남,한성대입구
강남,거여
강남,동작
강남,상일동
강남,신사
강남,강동구청
강남,개화산
강남,신길
강남,이수
강남,신당
강남,잠실나루
강남,양평
강남,녹번
강남,잠실
강남,용답
이태원,발산
이태원,오금
이태원,하남풍산
이태원,상동
이태원,신촌
이태원,여의나루
이태원,동대문역사문화공원
이태원,신내
이태원,부천시청
이태원,몽촌토성
이태원,중앙보훈병원
이태원,을지로3가
이태원,어린이대공원
이태원,수진
이태원,까치산
이태원,아차산
이태원,화랑대
이태원,역촌
이태원,제기동
이태원,굽은다리
이태원,신도림
이태원,합정
이태원,신금호
이태원,창동
이태원,마장
이태원,행당
이태원,굴포천
이태원,불광
이태원,송정
이태원,삼각지
이태원,부천종합운동장
이태원,장암
이태원,신풍
이태원,애오개
이태원,문정
이태원,보문
이태원,송파나루
이태원,약수
이태원,안국
이태원,을지로입구
이태원,미사
이태원,독립문
이태원,남한산성입구
이태원,미아사거리
이태원,홍제
이태원,도봉산
이태원,천호
이태원,내방
이태원,단대오거리
이태원,뚝섬
이태원,강일
이태원,홍대입구
이태원,버티고개
이태원,남부터미널
이태원,부평구청
이태원,송파
이태원,이대
이태원,이촌
이태원,안암
이태원,무악재
이태원,용마산
이태원,디지털미디어시티
이태원,마포구청
이태원,광흥창
이태원,경복궁
이태원,화곡
이태원,한강진
이태원,월드컵경기장
이태원,대림
이태원,마천
이태원,월곡
이태원,길동
이태원,방배
이태원,성수
이태원,지축
이태원,숙대입구
이태원,명일
이태원,청구
이태원,봉천
이태원,동대입구
이태원,구산
이태원,서울역
이태원,회현
이태원,사가정
이태원,잠실새내
이태원,왕십리
이태원,동묘앞
이태원,혜화
이태원,상수
이태원,충무로
이태원,학여울
이태원,수서
이태원,건대입구
이태원,매봉
이태원,중화
이태원,강남구청
이태원,쌍문
이태원,신용산
이태원,석촌고분
이태원,상계
이태원,하남검단산
이태원,신정
이태원,구의
이태원,경찰병원
이태원,마들
이태원,청담
이태원,도곡
이태원,신중동
이태원,을지로4가
이태원,선정릉
이태원,김포공항
이태원,남태령
이태원,동대문
이태원,마포
이태원,영등포시장
이태원,고덕
이태원,대흥
이태원,올림픽공원
이태원,돌곶이
이태원,학동
이태원,삼전
이태원,아현
이태원,상월곡
이태원,언주
이태원,한성대입구
이태원,거여
이태원,동작
이태원,상일동
이태원,신사
이태원,강동구청
이태원,개화산
이태원,신길
이태원,이수
이태원,신당
이태원,잠실나루
이태원,양평
이태원,녹번
이태원,잠실
이태원,용답
발산,오금
발산,하남풍산
발산,상동
발산,신촌
발산,여의나루
발산,동대문역사문화공원
발산,신내
발산,부천시청
발산,몽촌토성
발산,중앙보훈병원
발산,을지로3가
발산,어린이대공원
발산,수진
발산,까치산
발산,아차산
발산,화랑대
발산,역촌
발산,제기동
발산,굽은다리
발산,신도림
발산,합정
발산,신금호
발산,창동
발산,마장
발산,행당
발산,굴포천
발산,불광
발산,송정
발산,삼각지
발산,부천종합운동장
발산,장암
발산,신풍
발산,애오개
발산,문정
발산,보문
발산,송파나루
발산,약수
발산,안국
발산,을지로입구
발산,미사
발산,독립문
발산,남한산성입구
발산,미아사거리
발산,홍제
발산,도봉산
발산,천호
발산,내방
발산,단대오거리
발산,뚝섬
발산,강일
발산,홍대입구
발산,버티고개
발산,남부터미널
발산,부평구청
발산,송파
발산,이대
발산,이촌
발산,안암
발산,무악재
발산,용마산
발산,디지털미디어시티
발산,마포구청
발산,광흥창
발산,경복궁
발산,화곡
발산,한강진
발산,월드컵경기장
발산,대림
발산,마천
발산,월곡
발산,길동
발산,방배
발산,성수
발산,지축
발산,숙대입구
발산,명일
발산,청구
발산,봉천
발산,동대입구
발산,구산
발산,서울역
발산,회현
발산,사가정
발산,잠실새내
발산,왕십리
발산,동묘앞
발산,혜화
발산,상수
발산,충무로
발산,학여울
발산,수서
발산,건대입구
발산,매봉
발산,중화
발산,강남구청
발산,쌍문
발산,신용산
발산,석촌고분
발산,상계
발산,하남검단산
발산,신정
발산,구의
발산,경찰병원
발산,마들
발산,청담
발산,도곡
발산,신중동
발산,을지로4가
발산,선정릉
발산,김포공항
발산,남태령
발산,동대문
발산,마포
발산,영등포시장
발산,고덕
발산,대흥
발산,올림픽공원
발산,돌곶이
발산,학동
발산,삼전
발산,아현
발산,상월곡
발산,언주
발산,한성대입구
발산,거여
발산,동작
발산,상일동
발산,신사
발산,강동구청
발산,개화산
발산,신길
발산,이수
발산,신당
발산,잠실나루
발산,양평
발산,녹번
발산,잠실
발산,용답
오금,하남풍산
오금,상동
오금,신촌
오금,여의나루
오금,동대문역사문화공원
오금,신내
오금,부천시청
오금,몽촌토성
오금,중앙보훈병원
오금,을지로3가
오금,어린이대공원
오금,수진
오금,까치산
오금,아차산
오금,화랑대
오금,역촌
오금,제기동
오금,굽은다리
오금,신도림
오금,합정
오금,신금호
오금,창동
오금,마장
오금,행당
오금,굴포천
오금,불광
오금,송정
오금,삼각지
오금,부천종합운동장
오금,장암
오금,신풍
오금,애오개
오금,문정
오금,보문
오금,송파나루
오금,약수
오금,안국
오금,을지로입구
오금,미사
오금,독립문
오금,남한산성입구
오금,미아사거리
오금,홍제
오금,도봉산
오금,천호
오금,내방
오금,단대오거리
오금,뚝섬
오금,강일
오금,홍대입구
오금,버티고개
오금,남부터미널
오금,부평구청
오금,송파
오금,이대
오금,이촌
오금,안암
오금,무악재
오금,용마산
오금,디지털미디어시티
오금,마포구청
오금,광흥창
오금,경복궁
오금,화곡
오금,한강진
오금,월드컵경기장
오금,대림
오금,마천
오금,월곡
오금,길동
오금,방배
오금,성수
오금,지축
오금,숙대입구
오금,명일
오금,청구
오금,봉천
오금,동대입구
오금,구산
오금,서울역
오금,회현
오금,사가정
오금,잠실새내
오금,왕십리
오금,동묘앞
오금,혜화
오금,상수
오금,충무로
오금,학여울
오금,수서
오금,건대입구
오금,매봉
오금,중화
오금,강남구청
오금,쌍문
오금,신용산
오금,석촌고분
오금,상계
오금,하남검단산
오금,신정
오금,구의
오금,경찰병원
오금,마들
오금,청담
오금,도곡
오금,신중동
오금,을지로4가
오금,선정릉
오금,김포공항
오금,남태령
오금,동대문
오금,마포
오금,영등포시장
오금,고덕
오금,대흥
오금,올림픽공원
오금,돌곶이
오금,학동
오금,삼전
오금,아현
오금,상월곡
오금,언주
오금,한성대입구
오금,거여
오금,동작
오금,상일동
오금,신사
오금,강동구청
오금,개화산
오금,신길
오금,이수
오금,신당
오금,잠실나루
오금,양평
오금,녹번
오금,잠실
오금,용답
하남풍산,상동
하남풍산,신촌
하남풍산,여의나루
하남풍산,동대문역사문화공원
하남풍산,신내
하남풍산,부천시청
하남풍산,몽촌토성
하남풍산,중앙보훈병원
하남풍산,을지로3가
하남풍산,어린이대공원
하남풍산,수진
하남풍산,까치산
하남풍산,아차산
하남풍산,화랑대
하남풍산,역촌
하남풍산,제기동
하남풍산,굽은다리
하남풍산,신도림
하남풍산,합정
하남풍산,신금호
하남풍산,창동
하남풍산,마장
하남풍산,행당
하남풍산,굴포천
하남풍산,불광
하남풍산,송정
하남풍산,삼각지
하남풍산,부천종합운동장
하남풍산,장암
하남풍산,신풍
하남풍산,애오개
하남풍산,문정
하남풍산,보문
하남풍산,송파나루
하남풍산,약수
하남풍산,안국
하남풍산,을지로입구
하남풍산,미사
하남풍산,독립문
하남풍산,남한산성입구
하남풍산,미아사거리
하남풍산,홍제
하남풍산,도봉산
하남풍산,천호
하남풍산,내방
하남풍산,단대오거리
하남풍산,뚝섬
하남풍산,강일
하남풍산,홍대입구
하남풍산,버티고개
하남풍산,남부터미널
하남풍산,부평구청
하남풍산,송파
하남풍산,이대
하남풍산,이촌
하남풍산,안암
하남풍산,무악재
하남풍산,용마산
하남풍산,디지털미디어시티
하남풍산,마포구청
하남풍산,광흥창
하남풍산,경복궁
하남풍산,화곡
하남풍산,한강진
하남풍산,월드컵경기장
하남풍산,대림
하남풍산,마천
하남풍산,월곡
하남풍산,길동
하남풍산,방배
하남풍산,성수
하남풍산,지축
하남풍산,숙대입구
하남풍산,명일
하남풍산,청구
하남풍산,봉천
하남풍산,동대입구
하남풍산,구산
하남풍산,서울역
하남풍산,회현
하남풍산,사가정
하남풍산,잠실새내
하남풍산,왕십리
하남풍산,동묘앞
하남풍산,혜화
하남풍산,상수
하남풍산,충무로
하남풍산,학여울
하남풍산,수서
하남풍산,건대입구
하남풍산,매봉
하남풍산,중화
하남풍산,강남구청
하남풍산,쌍문
하남풍산,신용산
하남풍산,석촌고분
하남풍산,상계
하남풍산,하남검단산
하남풍산,신정
하남풍산,구의
하남풍산,경찰병원
하남풍산,마들
하남풍산,청담
하남풍산,도곡
하남풍산,신중동
하남풍산,을지로4가
하남풍산,선정릉
하남풍산,김포공항
하남풍산,남태령
하남풍산,동대문
하남풍산,마포
하남풍산,영등포시장
하남풍산,고덕
하남풍산,대흥
하남풍산,올림픽공원
하남풍산,돌곶이
하남풍산,학동
하남풍산,삼전
하남풍산,아현
하남풍산,상월곡
하남풍산,언주
하남풍산,한성대입구
하남풍산,거여
하남풍산,동작
하남풍산,상일동
하남풍산,신사
하남풍산,강동구청
하남풍산,개화산
하남풍산,신길
하남풍산,이수
하남풍산,신당
하남풍산,잠실나루
하남풍산,양평
하남풍산,녹번
하남풍산,잠실
하남풍산,용답
상동,신촌
상동,여의나루
상동,동대문역사문화공원
상동,신내
상동,부천시청
상동,몽촌토성
상동,중앙보훈병원
상동,을지로3가
상동,어린이대공원
상동,수진
상동,까치산
상동,아차산
상동,화랑대
상동,역촌
상동,제기동
상동,굽은다리
상동,신도림
상동,합정
상동,신금호
상동,창동
상동,마장
상동,행당
상동,굴포천
상동,불광
상동,송정
상동,삼각지
상동,부천종합운동장
상동,장암
상동,신풍
상동,애오개
상동,문정
상동,보문
상동,송파나루
상동,약수
상동,안국
상동,을지로입구
상동,미사
상동,독립문
상동,남한산성입구
상동,미아사거리
상동,홍제
상동,도봉산
상동,천호
상동,내방
상동,단대오거리
상동,뚝섬
상동,강일
상동,홍대입구
상동,버티고개
상동,남부터미널
상동,부평구청
상동,송파
상동,이대
상동,이촌
상동,안암
상동,무악재
상동,용마산
상동,디지털미디어시티
상동,마포구청
상동,광흥창
상동,경복궁
상동,화곡
상동,한강진
상동,월드컵경기장
상동,대림
상동,마천
상동,월곡
상동,길동
상동,방배
상동,성수
상동,지축
상동,숙대입구
상동,명일
상동,청구
상동,봉천
상동,동대입구
상동,구산
상동,서울역
상동,회현
상동,사가정
상동,잠실새내
상동,왕십리
상동,동묘앞
상동,혜화
상동,상수
상동,충무로
상동,학여울
상동,수서
상동,건대입구
상동,매봉
상동,중화
상동,강남구청
상동,쌍문
상동,신용산
상동,석촌고분
상동,상계
상동,하남검단산
상동,신정
상동,구의
상동,경찰병원
상동,마들
상동,청담
상동,도곡
상동,신중동
상동,을지로4가
상동,선정릉
상동,김포공항
상동,남태령
상동,동대문
상동,마포
상동,영등포시장
상동,고덕
상동,대흥
상동,올림픽공원
상동,돌곶이
상동,학동
상동,삼전
상동,아현
상동,상월곡
상동,언주
상동,한성대입구
상동,거여
상동,동작
상동,상일동
상동,신사
상동,강동구청
상동,개화산
상동,신길
상동,이수
상동,신당
상동,잠실나루
상동,양평
상동,녹번
상동,잠실
상동,용답
신촌,여의나루
신촌,동대문역사문화공원
신촌,신내
신촌,부천시청
신촌,몽촌토성
신촌,중앙보훈병원
신촌,을지로3가
신촌,어린이대공원
신촌,수진
신촌,까치산
신촌,아차산
신촌,화랑대
신촌,역촌
신촌,제기동
신촌,굽은다리
신촌,신도림
신촌,합정
신촌,신금호
신촌,창동
신촌,마장
신촌,행당
신촌,굴포천
신촌,불광
신촌,송정
신촌,삼각지
신촌,부천종합운동장
신촌,장암
신촌,신풍
신촌,애오개
신촌,문정
신촌,보문
신촌,송파나루
신촌,약수
신촌,안국
신촌,을지로입구
신촌,미사
신촌,독립문
신촌,남한산성입구
신촌,미아사거리
신촌,홍제
신촌,도봉산
신촌,천호
신촌,내방
신촌,단대오거리
신촌,뚝섬
신촌,강일
신촌,홍대입구
신촌,버티고개
신촌,남부터미널
신촌,부평구청
신촌,송파
신촌,이대
신촌,이촌
신촌,안암
신촌,무악재
신촌,용마산
신촌,디지털미디어시티
신촌,마포구청
신촌,광흥창
신촌,경복궁
신촌,화곡
신촌,한강진
신촌,월드컵경기장
신촌,대림
신촌,마천
신촌,월곡
신촌,길동
신촌,방배
신촌,성수
신촌,지축
신촌,숙대입구
신촌,명일
신촌,청구
신촌,봉천
신촌,동대입구
신촌,구산
신촌,서울역
신촌,회현
신촌,사가정
신촌,잠실새내
신촌,왕십리
신촌,동묘앞
신촌,혜화
신촌,상수
신촌,충무로
신촌,학여울
신촌,수서
신촌,건대입구
신촌,매봉
신촌,중화
신촌,강남구청
신촌,쌍문
신촌,신용산
신촌,석촌고분
신촌,상계
신촌,하남검단산
신촌,신정
신촌,구의
신촌,경찰병원
신촌,마들
신촌,청담
신촌,도곡
신촌,신중동
신촌,을지로4가
신촌,선정릉
신촌,김포공항
신촌,남태령
신촌,동대문
신촌,마포
신촌,영등포시장
신촌,고덕
신촌,대흥
신촌,올림픽공원
신촌,돌곶이
신촌,학동
신촌,삼전
신촌,아현
신촌,상월곡
신촌,언주
신촌,한성대입구
신촌,거여
신촌,동작
신촌,상일동
신촌,신사
신촌,강동구청
신촌,개화산
신촌,신길
신촌,이수
신촌,신당
신촌,잠실나루
신촌,양평
신촌,녹번
신촌,잠실
신촌,용답
여의나루,동대문역사문화공원
여의나루,신내
여의나루,부천시청
여의나루,몽촌토성
여의나루,중앙보훈병원
여의나루,을지로3가
여의나루,어린이대공원
여의나루,수진
여의나루,까치산
여의나루,아차산
여의나루,화랑대
여의나루,역촌
여의나루,제기동
여의나루,굽은다리
여의나루,신도림
여의나루,합정
여의나루,신금호
여의나루,창동
여의나루,마장
여의나루,행당
여의나루,굴포천
여의나루,불광
여의나루,송정
여의나루,삼각지
여의나루,부천종합운동장
여의나루,장암
여의나루,신풍
여의나루,애오개
여의나루,문정
여의나루,보문
여의나루,송파나루
여의나루,약수
여의나루,안국
여의나루,을지로입구
여의나루,미사
여의나루,독립문
여의나루,남한산성입구
여의나루,미아사거리
여의나루,홍제
여의나루,도봉산
여의나루,천호
여의나루,내방
여의나루,단대오거리
여의나루,뚝섬
여의나루,강일
여의나루,홍대입구
여의나루,버티고개
여의나루,남부터미널
여의나루,부평구청
여의나루,송파
여의나루,이대
여의나루,이촌
여의나루,안암
여의나루,무악재
여의나루,용마산
여의나루,디지털미디어시티
여의나루,마포구청
여의나루,광흥창
여의나루,경복궁
여의나루,화곡
여의나루,한강진
여의나루,월드컵경기장
여의나루,대림
여의나루,마천
여의나루,월곡
여의나루,길동
여의나루,방배
여의나루,성수
여의나루,지축
여의나루,숙대입구
여의나루,명일
여의나루,청구
여의나루,봉천
여의나루,동대입구
여의나루,구산
여의나루,서울역
여의나루,회현
여의나루,사가정
여의나루,잠실새내
여의나루,왕십리
여의나루,동묘앞
여의나루,혜화
여의나루,상수
여의나루,충무로
여의나루,학여울
여의나루,수서
여의나루,건대입구
여의나루,매봉
여의나루,중화
여의나루,강남구청
여의나루,쌍문
여의나루,신용산
여의나루,석촌고분
여의나루,상계
여의나루,하남검단산
여의나루,신정
여의나루,구의
여의나루,경찰병원
여의나루,마들
여의나루,청담
여의나루,도곡
여의나루,신중동
여의나루,을지로4가
여의나루,선정릉
여의나루,김포공항
여의나루,남태령
여의나루,동대문
여의나루,마포
여의나루,영등포시장
여의나루,고덕
여의나루,대흥
여의나루,올림픽공원
여의나루,돌곶이
여의나루,학동
여의나루,삼전
여의나루,아현
여의나루,상월곡
여의나루,언주
여의나루,한성대입구
여의나루,거여
여의나루,동작
여의나루,상일동
여의나루,신사
여의나루,강동구청
여의나루,개화산
여의나루,신길
여의나루,이수
여의나루,신당
여의나루,잠실나루
여의나루,양평
여의나루,녹번
여의나루,잠실
여의나루,용답
동대문역사문화공원,신내
동대문역사문화공원,부천시청
동대문역사문화공원,몽촌토성
동대문역사문화공원,중앙보훈병원
동대문역사문화공원,을지로3가
동대문역사문화공원,어린이대공원
동대문역사문화공원,수진
동대문역사문화공원,까치산
동대문역사문화공원,아차산
동대문역사문화공원,화랑대
동대문역사문화공원,역촌
동대문역사문화공원,제기동
동대문역사문화공원,굽은다리
동대문역사문화공원,신도림
동대문역사문화공원,합정
동대문역사문화공원,신금호
동대문역사문화공원,창동
동대문역사문화공원,마장
동대문역사문화공원,행당
동대문역사문화공원,굴포천
동대문역사문화공원,불광
동대문역사문화공원,송정
동대문역사문화공원,삼각지
동대문역사문화공원,부천종합운동장
동대문역사문화공원,장암
동대문역사문화공원,신풍
동대문역사문화공원,애오개
동대문역사문화공원,문정
동대문역사문화공원,보문
동대문역사문화공원,송파나루
동대문역사문화공원,약수
동대문역사문화공원,안국
동대문역사문화공원,을지로입구
동대문역사문화공원,미사
동대문역사문화공원,독립문
동대문역사문화공원,남한산성입구
동대문역사문화공원,미아사거리
동대문역사문화공원,홍제
동대문역사문화공원,도봉산
동대문역사문화공원,천호
동대문역사문화공원,내방
동대문역사문화공원,단대오거리
동대문역사문화공원,뚝섬
동대문역사문화공원,강일
동대문역사문화공원,홍대입구
동대문역사문화공원,버티고개
동대문역사문화공원,남부터미널
동대문역사문화공원,부평구청
동대문역사문화공원,송파
동대문역사문화공원,이대
동대문역사문화공원,이촌
동대문역사문화공원,안암
동대문역사문화공원,무악재
동대문역사문화공원,용마산
동대문역사문화공원,디지털미디어시티
동대문역사문화공원,마포구청
동대문역사문화공원,광흥창
동대문역사문화공원,경복궁
동대문역사문화공원,화곡
동대문역사문화공원,한강진
동대문역사문화공원,월드컵경기장
동대문역사문화공원,대림
동대문역사문화공원,마천
동대문역사문화공원,월곡
동대문역사문화공원,길동
동대문역사문화공원,방배
동대문역사문화공원,성수
동대문역사문화공원,지축
동대문역사문화공원,숙대입구
동대문역사문화공원,명일
동대문역사문화공원,청구
동대문역사문화공원,봉천
동대문역사문화공원,동대입구
동대문역사문화공원,구산
동대문역사문화공원,서울역
동대문역사문화공원,회현
동대문역사문화공원,사가정
동대문역사문화공원,잠실새내
동대문역사문화공원,왕십리
동대문역사문화공원,동묘앞
동대문역사문화공원,혜화
동대문역사문화공원,상수
동대문역사문화공원,충무로
동대문역사문화공원,학여울
동대문역사문화공원,수서
동대문역사문화공원,건대입구
동대문역사문화공원,매봉
동대문역사문화공원,중화
동대문역사문화공원,강남구청
동대문역사문화공원,쌍문
동대문역사문화공원,신용산
동대문역사문화공원,석촌고분
동대문역사문화공원,상계
동대문역사문화공원,하남검단산
동대문역사문화공원,신정
동대문역사문화공원,구의
동대문역사문화공원,경찰병원
동대문역사문화공원,마들
동대문역사문화공원,청담
동대문역사문화공원,도곡
동대문역사문화공원,신중동
동대문역사문화공원,을지로4가
동대문역사문화공원,선정릉
동대문역사문화공원,김포공항
동대문역사문화공원,남태령
동대문역사문화공원,동대문
동대문역사문화공원,마포
동대문역사문화공원,영등포시장
동대문역사문화공원,고덕
동대문역사문화공원,대흥
동대문역사문화공원,올림픽공원
동대문역사문화공원,돌곶이
동대문역사문화공원,학동
동대문역사문화공원,삼전
동대문역사문화공원,아현
동대문역사문화공원,상월곡
동대문역사문화공원,언주
동대문역사문화공원,한성대입구
동대문역사문화공원,거여
동대문역사문화공원,동작
동대문역사문화공원,상일동
동대문역사문화공원,신사
동대문역사문화공원,강동구청
동대문역사문화공원,개화산
동대문역사문화공원,신길
동대문역사문화공원,이수
동대문역사문화공원,신당
동대문역사문화공원,잠실나루
동대문역사문화공원,양평
동대문역사문화공원,녹번
동대문역사문화공원,잠실
동대문역사문화공원,용답
신내,부천시청
신내,몽촌토성
신내,중앙보훈병원
신내,을지로3가
신내,어린이대공원
신내,수진
신내,까치산
신내,아차산
신내,화랑대
신내,역촌
신내,제기동
신내,굽은다리
신내,신도림
신내,합정
신내,신금호
신내,창동
신내,마장
신내,행당
신내,굴포천
신내,불광
신내,송정
신내,삼각지
신내,부천종합운동장
신내,장암
신내,신풍
신내,애오개
신내,문정
신내,보문
신내,송파나루
신내,약수
신내,안국
신내,을지로입구
신내,미사
신내,독립문
신내,남한산성입구
신내,미아사거리
신내,홍제
신내,도봉산
신내,천호
신내,내방
신내,단대오거리
신내,뚝섬
신내,강일
신내,홍대입구
신내,버티고개
신내,남부터미널
신내,부평구청
신내,송파
신내,이대
신내,이촌
신내,안암
신내,무악재
신내,용마산
신내,디지털미디어시티
신내,마포구청
신내,광흥창
신내,경복궁
신내,화곡
신내,한강진
신내,월드컵경기장
신내,대림
신내,마천
신내,월곡
신내,길동
신내,방배
신내,성수
신내,지축
신내,숙대입구
신내,명일
신내,청구
신내,봉천
신내,동대입구
신내,구산
신내,서울역
신내,회현
신내,사가정
신내,잠실새내
신내,왕십리
신내,동묘앞
신내,혜화
신내,상수
신내,충무로
신내,학여울
신내,수서
신내,건대입구
신내,매봉
신내,중화
신내,강남구청
신내,쌍문
신내,신용산
신내,석촌고분
신내,상계
신내,하남검단산
신내,신정
신내,구의
신내,경찰병원
신내,마들
신내,청담
신내,도곡
신내,신중동
신내,을지로4가
신내,선정릉
신내,김포공항
신내,남태령
신내,동대문
신내,마포
신내,영등포시장
신내,고덕
신내,대흥
신내,올림픽공원
신내,돌곶이
신내,학동
신내,삼전
신내,아현
신내,상월곡
신내,언주
신내,한성대입구
신내,거여
신내,동작
신내,상일동
신내,신사
신내,강동구청
신내,개화산
신내,신길
신내,이수
신내,신당
신내,잠실나루
신내,양평
신내,녹번
신내,잠실
신내,용답
부천시청,몽촌토성
부천시청,중앙보훈병원
부천시청,을지로3가
부천시청,어린이대공원
부천시청,수진
부천시청,까치산
부천시청,아차산
부천시청,화랑대
부천시청,역촌
부천시청,제기동
부천시청,굽은다리
부천시청,신도림
부천시청,합정
부천시청,신금호
부천시청,창동
부천시청,마장
부천시청,행당
부천시청,굴포천
부천시청,불광
부천시청,송정
부천시청,삼각지
부천시청,부천종합운동장
부천시청,장암
부천시청,신풍
부천시청,애오개
부천시청,문정
부천시청,보문
부천시청,송파나루
부천시청,약수
부천시청,안국
부천시청,을지로입구
부천시청,미사
부천시청,독립문
부천시청,남한산성입구
부천시청,미아사거리
부천시청,홍제
부천시청,도봉산
부천시청,천호
부천시청,내방
부천시청,단대오거리
부천시청,뚝섬
부천시청,강일
부천시청,홍대입구
부천시청,버티고개
부천시청,남부터미널
부천시청,부평구청
부천시청,송파
부천시청,이대
부천시청,이촌
부천시청,안암
부천시청,무악재
부천시청,용마산
부천시청,디지털미디어시티
부천시청,마포구청
부천시청,광흥창
부천시청,경복궁
부천시청,화곡
부천시청,한강진
부천시청,월드컵경기장
부천시청,대림
부천시청,마천
부천시청,월곡
부천시청,길동
부천시청,방배
부천시청,성수
부천시청,지축
부천시청,숙대입구
부천시청,명일
부천시청,청구
부천시청,봉천
부천시청,동대입구
부천시청,구산
부천시청,서울역
부천시청,회현
부천시청,사가정
부천시청,잠실새내
부천시청,왕십리
부천시청,동묘앞
부천시청,혜화
부천시청,상수
부천시청,충무로
부천시청,학여울
부천시청,수서
부천시청,건대입구
부천시청,매봉
부천시청,중화
부천시청,강남구청
부천시청,쌍문
부천시청,신용산
부천시청,석촌고분
부천시청,상계
부천시청,하남검단산
부천시청,신정
부천시청,구의
부천시청,경찰병원
부천시청,마들
부천시청,청담
부천시청,도곡
부천시청,신중동
부천시청,을지로4가
부천시청,선정릉
부천시청,김포공항
부천시청,남태령
부천시청,동대문
부천시청,마포
부천시청,영등포시장
부천시청,고덕
부천시청,대흥
부천시청,올림픽공원
부천시청,돌곶이
부천시청,학동
부천시청,삼전
부천시청,아현
부천시청,상월곡
부천시청,언주
부천시청,한성대입구
부천시청,거여
부천시청,동작
부천시청,상일동
부천시청,신사
부천시청,강동구청
부천시청,개화산
부천시청,신길
부천시청,이수
부천시청,신당
부천시청,잠실나루
부천시청,양평
부천시청,녹번
부천시청,잠실
부천시청,용답
몽촌토성,중앙보훈병원
몽촌토성,을지로3가
몽촌토성,어린이대공원
몽촌토성,수진
몽촌토성,까치산
몽촌토성,아차산
몽촌토성,화랑대
몽촌토성,역촌
몽촌토성,제기동
몽촌토성,굽은다리
몽촌토성,신도림
몽촌토성,합정
몽촌토성,신금호
몽촌토성,창동
몽촌토성,마장
몽촌토성,행당
몽촌토성,굴포천
몽촌토성,불광
몽촌토성,송정
몽촌토성,삼각지
몽촌토성,부천종합운동장
몽촌토성,장암
몽촌토성,신풍
몽촌토성,애오개
몽촌토성,문정
몽촌토성,보문
몽촌토성,송파나루
몽촌토성,약수
몽촌토성,안국
몽촌토성,을지로입구
몽촌토성,미사
몽촌토성,독립문
몽촌토성,남한산성입구
몽촌토성,미아사거리
몽촌토성,홍제
몽촌토성,도봉산
몽촌토성,천호
몽촌토성,내방
몽촌토성,단대오거리
몽촌토성,뚝섬
몽촌토성,강일
몽촌토성,홍대입구
몽촌토성,버티고개
몽촌토성,남부터미널
몽촌토성,부평구청
몽촌토성,송파
몽촌토성,이대
몽촌토성,이촌
몽촌토성,안암
몽촌토성,무악재
몽촌토성,용마산
몽촌토성,디지털미디어시티
몽촌토성,마포구청
몽촌토성,광흥창
몽촌토성,경복궁
몽촌토성,화곡
몽촌토성,한강진
몽촌토성,월드컵경기장
몽촌토성,대림
몽촌토성,마천
몽촌토성,월곡
몽촌토성,길동
몽촌토성,방배
몽촌토성,성수
몽촌토성,지축
몽촌토성,숙대입구
몽촌토성,명일
몽촌토성,청구
몽촌토성,봉천
몽촌토성,동대입구
몽촌토성,구산
몽촌토성,서울역
몽촌토성,회현
몽촌토성,사가정
몽촌토성,잠실새내
몽촌토성,왕십리
몽촌토성,동묘앞
몽촌토성,혜화
몽촌토성,상수
몽촌토성,충무로
몽촌토성,학여울
몽촌토성,수서
몽촌토성,건대입구
몽촌토성,매봉
몽촌토성,중화
몽촌토성,강남구청
몽촌토성,쌍문
몽촌토성,신용산
몽촌토성,석촌고분
몽촌토성,상계
몽촌토성,하남검단산
몽촌토성,신정
몽촌토성,구의
몽촌토성,경찰병원
몽촌토성,마들
몽촌토성,청담
몽촌토성,도곡
몽촌토성,신중동
몽촌토성,을지로4가
몽촌토성,선정릉
몽촌토성,김포공항
몽촌토성,남태령
몽촌토성,동대문
몽촌토성,마포
몽촌토성,영등포시장
몽촌토성,고덕
몽촌토성,대흥
몽촌토성,올림픽공원
몽촌토성,돌곶이
몽촌토성,학동
몽촌토성,삼전
몽촌토성,아현
몽촌토성,상월곡
몽촌토성,언주
몽촌토성,한성대입구
몽촌토성,거여
몽촌토성,동작
몽촌토성,상일동
몽촌토성,신사
몽촌토성,강동구청
몽촌토성,개화산
몽촌토성,신길
몽촌토성,이수
몽촌토성,신당
몽촌토성,잠실나루
몽촌토성,양평
몽촌토성,녹번
몽촌토성,잠실
몽촌토성,용답
중앙보훈병원,을지로3가
중앙보훈병원,어린이대공원
중앙보훈병원,수진
중앙보훈병원,까치산
중앙보훈병원,아차산
중앙보훈병원,화랑대
중앙보훈병원,역촌
중앙보훈병원,제기동
중앙보훈병원,굽은다리
중앙보훈병원,신도림
중앙보훈병원,합정
중앙보훈병원,신금호
중앙보훈병원,창동
중앙보훈병원,마장
중앙보훈병원,행당
중앙보훈병원,굴포천
중앙보훈병원,불광
중앙보훈병원,송정
중앙보훈병원,삼각지
중앙보훈병원,부천종합운동장
중앙보훈병원,장암
중앙보훈병원,신풍
중앙보훈병원,애오개
중앙보훈병원,문정
중앙보훈병원,보문
중앙보훈병원,송파나루
중앙보훈병원,약수
중앙보훈병원,안국
중앙보훈병원,을지로입구
중앙보훈병원,미사
중앙보훈병원,독립문
중앙보훈병원,남한산성입구
중앙보훈병원,미아사거리
중앙보훈병원,홍제
중앙보훈병원,도봉산
중앙보훈병원,천호
중앙보훈병원,내방
중앙보훈병원,단대오거리
중앙보훈병원,뚝섬
중앙보훈병원,강일
중앙보훈병원,홍대입구
중앙보훈병원,버티고개
중앙보훈병원,남부터미널
중앙보훈병원,부평구청
중앙보훈병원,송파
중앙보훈병원,이대
중앙보훈병원,이촌
중앙보훈병원,안암
중앙보훈병원,무악재
중앙보훈병원,용마산
중앙보훈병원,디지털미디어시티
중앙보훈병원,마포구청
중앙보훈병원,광흥창
중앙보훈병원,경복궁
중앙보훈병원,화곡
중앙보훈병원,한강진
중앙보훈병원,월드컵경기장
중앙보훈병원,대림
중앙보훈병원,마천
중앙보훈병원,월곡
중앙보훈병원,길동
중앙보훈병원,방배
중앙보훈병원,성수
중앙보훈병원,지축
중앙보훈병원,숙대입구
중앙보훈병원,명일
중앙보훈병원,청구
중앙보훈병원,봉천
중앙보훈병원,동대입구
중앙보훈병원,구산
중앙보훈병원,서울역
중앙보훈병원,회현
중앙보훈병원,사가정
중앙보훈병원,잠실새내
중앙보훈병원,왕십리
중앙보훈병원,동묘앞
중앙보훈병원,혜화
중앙보훈병원,상수
중앙보훈병원,충무로
중앙보훈병원,학여울
중앙보훈병원,수서
중앙보훈병원,건대입구
중앙보훈병원,매봉
중앙보훈병원,중화
중앙보훈병원,강남구청
중앙보훈병원,쌍문
중앙보훈병원,신용산
중앙보훈병원,석촌고분
중앙보훈병원,상계
중앙보훈병원,하남검단산
중앙보훈병원,신정
중앙보훈병원,구의
중앙보훈병원,경찰병원
중앙보훈병원,마들
중앙보훈병원,청담
중앙보훈병원,도곡
중앙보훈병원,신중동
중앙보훈병원,을지로4가
중앙보훈병원,선정릉
중앙보훈병원,김포공항
중앙보훈병원,남태령
중앙보훈병원,동대문
중앙보훈병원,마포
중앙보훈병원,영등포시장
중앙보훈병원,고덕
중앙보훈병원,대흥
중앙보훈병원,올림픽공원
중앙보훈병원,돌곶이
중앙보훈병원,학동
중앙보훈병원,삼전
중앙보훈병원,아현
중앙보훈병원,상월곡
중앙보훈병원,언주
중앙보훈병원,한성대입구
중앙보훈병원,거여
중앙보훈병원,동작
중앙보훈병원,상일동
중앙보훈병원,신사
중앙보훈병원,강동구청
중앙보훈병원,개화산
중앙보훈병원,신길
중앙보훈병원,이수
중앙보훈병원,신당
중앙보훈병원,잠실나루
중앙보훈병원,양평
중앙보훈병원,녹번
중앙보훈병원,잠실
중앙보훈병원,용답
을지로3가,어린이대공원
을지로3가,수진
을지로3가,까치산
을지로3가,아차산
을지로3가,화랑대
을지로3가,역촌
을지로3가,제기동
을지로3가,굽은다리
을지로3가,신도림
을지로3가,합정
을지로3가,신금호
을지로3가,창동
을지로3가,마장
을지로3가,행당
을지로3가,굴포천
을지로3가,불광
을지로3가,송정
을지로3가,삼각지
을지로3가,부천종합운동장
을지로3가,장암
을지로3가,신풍
을지로3가,애오개
을지로3가,문정
을지로3가,보문
을지로3가,송파나루
을지로3가,약수
을지로3가,안국
을지로3가,을지로입구
을지로3가,미사
을지로3가,독립문
을지로3가,남한산성입구
을지로3가,미아사거리
을지로3가,홍제
을지로3가,도봉산
을지로3가,천호
을지로3가,내방
을지로3가,단대오거리
을지로3가,뚝섬
을지로3가,강일
을지로3가,홍대입구
을지로3가,버티고개
을지로3가,남부터미널
을지로3가,부평구청
을지로3가,송파
을지로3가,이대
을지로3가,이촌
을지로3가,안암
을지로3가,무악재
을지로3가,용마산
을지로3가,디지털미디어시티
을지로3가,마포구청
을지로3가,광흥창
을지로3가,경복궁
을지로3가,화곡
을지로3가,한강진
을지로3가,월드컵경기장
을지로3가,대림
을지로3가,마천
을지로3가,월곡
을지로3가,길동
을지로3가,방배
을지로3가,성수
을지로3가,지축
을지로3가,숙대입구
을지로3가,명일
을지로3가,청구
을지로3가,봉천
을지로3가,동대입구
을지로3가,구산
을지로3가,서울역
을지로3가,회현
을지로3가,사가정
을지로3가,잠실새내
을지로3가,왕십리
을지로3가,동묘앞
을지로3가,혜화
을지로3가,상수
을지로3가,충무로
을지로3가,학여울
을지로3가,수서
을지로3가,건대입구
을지로3가,매봉
을지로3가,중화
을지로3가,강남구청
을지로3가,쌍문
을지로3가,신용산
을지로3가,석촌고분
을지로3가,상계
을지로3가,하남검단산
을지로3가,신정
을지로3가,구의
을지로3가,경찰병원
을지로3가,마들
을지로3가,청담
을지로3가,도곡
을지로3가,신중동
을지로3가,을지로4가
을지로3가,선정릉
을지로3가,김포공항
을지로3가,남태령
을지로3가,동대문
을지로3가,마포
을지로3가,영등포시장
을지로3가,고덕
을지로3가,대흥
을지로3가,올림픽공원
을지로3가,돌곶이
을지로3가,학동
을지로3가,삼전
을지로3가,아현
을지로3가,상월곡
을지로3가,언주
을지로3가,한성대입구
을지로3가,거여
을지로3가,동작
을지로3가,상일동
을지로3가,신사
을지로3가,강동구청
을지로3가,개화산
을지로3가,신길
을지로3가,이수
을지로3가,신당
을지로3가,잠실나루
을지로3가,양평
을지로3가,녹번
을지로3가,잠실
을지로3가,용답
어린이대공원,수진
어린이대공원,까치산
어린이대공원,아차산
어린이대공원,화랑대
어린이대공원,역촌
어린이대공원,제기동
어린이대공원,굽은다리
어린이대공원,신도림
어린이대공원,합정
어린이대공원,신금호
어린이대공원,창동
어린이대공원,마장
어린이대공원,행당
어린이대공원,굴포천
어린이대공원,불광
어린이대공원,송정
어린이대공원,삼각지
어린이대공원,부천종합운동장
어린이대공원,장암
어린이대공원,신풍
어린이대공원,애오개
어린이대공원,문정
어린이대공원,보문
어린이대공원,송파나루
어린이대공원,약수
어린이대공원,안국
어린이대공원,을지로입구
어린이대공원,미사
어린이대공원,독립문
어린이대공원,남한산성입구
어린이대공원,미아사거리
어린이대공원,홍제
어린이대공원,도봉산
어린이대공원,천호
어린이대공원,내방
어린이대공원,단대오거리
어린이대공원,뚝섬
어린이대공원,강일
어린이대공원,홍대입구
어린이대공원,버티고개
어린이대공원,남부터미널
어린이대공원,부평구청
어린이대공원,송파
어린이대공원,이대
어린이대공원,이촌
어린이대공원,안암
어린이대공원,무악재
어린이대공원,용마산
어린이대공원,디지털미디어시티
어린이대공원,마포구청
어린이대공원,광흥창
어린이대공원,경복궁
어린이대공원,화곡
어린이대공원,한강진
어린이대공원,월드컵경기장
어린이대공원,대림
어린이대공원,마천
어린이대공원,월곡
어린이대공원,길동
어린이대공원,방배
어린이대공원,성수
어린이대공원,지축
어린이대공원,숙대입구
어린이대공원,명일
어린이대공원,청구
어린이대공원,봉천
어린이대공원,동대입구
어린이대공원,구산
어린이대공원,서울역
어린이대공원,회현
어린이대공원,사가정
어린이대공원,잠실새내
어린이대공원,왕십리
어린이대공원,동묘앞
어린이대공원,혜화
어린이대공원,상수
어린이대공원,충무로
어린이대공원,학여울
어린이대공원,수서
어린이대공원,건대입구
어린이대공원,매봉
어린이대공원,중화
어린이대공원,강남구청
어린이대공원,쌍문
어린이대공원,신용산
어린이대공원,석촌고분
어린이대공원,상계
어린이대공원,하남검단산
어린이대공원,신정
어린이대공원,구의
어린이대공원,경찰병원
어린이대공원,마들
어린이대공원,청담
어린이대공원,도곡
어린이대공원,신중동
어린이대공원,을지로4가
어린이대공원,선정릉
어린이대공원,김포공항
어린이대공원,남태령
어린이대공원,동대문
어린이대공원,마포
어린이대공원,영등포시장
어린이대공원,고덕
어린이대공원,대흥
어린이대공원,올림픽공원
어린이대공원,돌곶이
어린이대공원,학동
어린이대공원,삼전
어린이대공원,아현
어린이대공원,상월곡
어린이대공원,언주
어린이대공원,한성대입구
어린이대공원,거여
어린이대공원,동작
어린이대공원,상일동
어린이대공원,신사
어린이대공원,강동구청
어린이대공원,개화산
어린이대공원,신길
어린이대공원,이수
어린이대공원,신당
어린이대공원,잠실나루
어린이대공원,양평
어린이대공원,녹번
어린이대공원,잠실
어린이대공원,용답
수진,까치산
수진,아차산
수진,화랑대
수진,역촌
수진,제기동
수진,굽은다리
수진,신도림
수진,합정
수진,신금호
수진,창동
수진,마장
수진,행당
수진,굴포천
수진,불광
수진,송정
수진,삼각지
수진,부천종합운동장
수진,장암
수진,신풍
수진,애오개
수진,문정
수진,보문
수진,송파나루
수진,약수
수진,안국
수진,을지로입구
수진,미사
수진,독립문
수진,남한산성입구
수진,미아사거리
수진,홍제
수진,도봉산
수진,천호
수진,내방
수진,단대오거리
수진,뚝섬
수진,강일
수진,홍대입구
수진,버티고개
수진,남부터미널
수진,부평구청
수진,송파
수진,이대
수진,이촌
수진,안암
수진,무악재
수진,용마산
수진,디지털미디어시티
수진,마포구청
수진,광흥창
수진,경복궁
수진,화곡
수진,한강진
수진,월드컵경기장
수진,대림
수진,마천
수진,월곡
수진,길동
수진,방배
수진,성수
수진,지축
수진,숙대입구
수진,명일
수진,청구
수진,봉천
수진,동대입구
수진,구산
수진,서울역
수진,회현
수진,사가정
수진,잠실새내
수진,왕십리
수진,동묘앞
수진,혜화
수진,상수
수진,충무로
수진,학여울
수진,수서
수진,건대입구
수진,매봉
수진,중화
수진,강남구청
수진,쌍문
수진,신용산
수진,석촌고분
수진,상계
수진,하남검단산
수진,신정
수진,구의
수진,경찰병원
수진,마들
수진,청담
수진,도곡
수진,신중동
수진,을지로4가
수진,선정릉
수진,김포공항
수진,남태령
수진,동대문
수진,마포
수진,영등포시장
수진,고덕
수진,대흥
수진,올림픽공원
수진,돌곶이
수진,학동
수진,삼전
수진,아현
수진,상월곡
수진,언주
수진,한성대입구
수진,거여
수진,동작
수진,상일동
수진,신사
수진,강동구청
수진,개화산
수진,신길
수진,이수
수진,신당
수진,잠실나루
수진,양평
수진,녹번
수진,잠실
수진,용답
까치산,아차산
까치산,화랑대
까치산,역촌
까치산,제기동
까치산,굽은다리
까치산,신도림
까치산,합정
까치산,신금호
까치산,창동
까치산,마장
까치산,행당
까치산,굴포천
까치산,불광
까치산,송정
까치산,삼각지
까치산,부천종합운동장
까치산,장암
까치산,신풍
까치산,애오개
까치산,문정
까치산,보문
까치산,송파나루
까치산,약수
까치산,안국
까치산,을지로입구
까치산,미사
까치산,독립문
까치산,남한산성입구
까치산,미아사거리
까치산,홍제
까치산,도봉산
까치산,천호
까치산,내방
까치산,단대오거리
까치산,뚝섬
까치산,강일
까치산,홍대입구
까치산,버티고개
까치산,남부터미널
까치산,부평구청
까치산,송파
까치산,이대
까치산,이촌
까치산,안암
까치산,무악재
까치산,용마산
까치산,디지털미디어시티
까치산,마포구청
까치산,광흥창
까치산,경복궁
까치산,화곡
까치산,한강진
까치산,월드컵경기장
까치산,대림
까치산,마천
까치산,월곡
까치산,길동
까치산,방배
까치산,성수
까치산,지축
까치산,숙대입구
까치산,명일
까치산,청구
까치산,봉천
까치산,동대입구
까치산,구산
까치산,서울역
까치산,회현
까치산,사가정
까치산,잠실새내
까치산,왕십리
까치산,동묘앞
까치산,혜화
까치산,상수
까치산,충무로
까치산,학여울
까치산,수서
까치산,건대입구
까치산,매봉
까치산,중화
까치산,강남구청
까치산,쌍문
까치산,신용산
까치산,석촌고분
까치산,상계
까치산,하남검단산
까치산,신정
까치산,구의
까치산,경찰병원
까치산,마들
까치산,청담
까치산,도곡
까치산,신중동
까치산,을지로4가
까치산,선정릉
까치산,김포공항
까치산,남태령
까치산,동대문
까치산,마포
까치산,영등포시장
까치산,고덕
까치산,대흥
까치산,올림픽공원
까치산,돌곶이
까치산,학동
까치산,삼전
까치산,아현
까치산,상월곡
까치산,언주
까치산,한성대입구
까치산,거여
까치산,동작
까치산,상일동
까치산,신사
까치산,강동구청
까치산,개화산
까치산,신길
까치산,이수
까치산,신당
까치산,잠실나루
까치산,양평
까치산,녹번
까치산,잠실
까치산,용답
아차산,화랑대
아차산,역촌
아차산,제기동
아차산,굽은다리
아차산,신도림
아차산,합정
아차산,신금호
아차산,창동
아차산,마장
아차산,행당
아차산,굴포천
아차산,불광
아차산,송정
아차산,삼각지
아차산,부천종합운동장
아차산,장암
아차산,신풍
아차산,애오개
아차산,문정
아차산,보문
아차산,송파나루
아차산,약수
아차산,안국
아차산,을지로입구
아차산,미사
아차산,독립문
아차산,남한산성입구
아차산,미아사거리
아차산,홍제
아차산,도봉산
아차산,천호
아차산,내방
아차산,단대오거리
아차산,뚝섬
아차산,강일
아차산,홍대입구
아차산,버티고개
아차산,남부터미널
아차산,부평구청
아차산,송파
아차산,이대
아차산,이촌
아차산,안암
아차산,무악재
아차산,용마산
아차산,디지털미디어시티
아차산,마포구청
아차산,광흥창
아차산,경복궁
아차산,화곡
아차산,한강진
아차산,월드컵경기장
아차산,대림
아차산,마천
아차산,월곡
아차산,길동
아차산,방배
아차산,성수
아차산,지축
아차산,숙대입구
아차산,명일
아차산,청구
아차산,봉천
아차산,동대입구
아차산,구산
아차산,서울역
아차산,회현
아차산,사가정
아차산,잠실새내
아차산,왕십리
아차산,동묘앞
아차산,혜화
아차산,상수
아차산,충무로
아차산,학여울
아차산,수서
아차산,건대입구
아차산,매봉
아차산,중화
아차산,강남구청
아차산,쌍문
아차산,신용산
아차산,석촌고분
아차산,상계
아차산,하남검단산
아차산,신정
아차산,구의
아차산,경찰병원
아차산,마들
아차산,청담
아차산,도곡
아차산,신중동
아차산,을지로4가
아차산,선정릉
아차산,김포공항
아차산,남태령
아차산,동대문
아차산,마포
아차산,영등포시장
아차산,고덕
아차산,대흥
아차산,올림픽공원
아차산,돌곶이
아차산,학동
아차산,삼전
아차산,아현
아차산,상월곡
아차산,언주
아차산,한성대입구
아차산,거여
아차산,동작
아차산,상일동
아차산,신사
아차산,강동구청
아차산,개화산
아차산,신길
아차산,이수
아차산,신당
아차산,잠실나루
아차산,양평
아차산,녹번
아차산,잠실
아차산,용답
화랑대,역촌
화랑대,제기동
화랑대,굽은다리
화랑대,신도림
화랑대,합정
화랑대,신금호
화랑대,창동
화랑대,마장
화랑대,행당
화랑대,굴포천
화랑대,불광
화랑대,송정
화랑대,삼각지
화랑대,부천종합운동장
화랑대,장암
화랑대,신풍
화랑대,애오개
화랑대,문정
화랑대,보문
화랑대,송파나루
화랑대,약수
화랑대,안국
화랑대,을지로입구
화랑대,미사
화랑대,독립문
화랑대,남한산성입구
화랑대,미아사거리
화랑대,홍제
화랑대,도봉산
화랑대,천호
화랑대,내방
화랑대,단대오거리
화랑대,뚝섬
화랑대,강일
화랑대,홍대입구
화랑대,버티고개
화랑대,남부터미널
화랑대,부평구청
화랑대,송파
화랑대,이대
화랑대,이촌
화랑대,안암
화랑대,무악재
화랑대,용마산
화랑대,디지털미디어시티
화랑대,마포구청
화랑대,광흥창
화랑대,경복궁
화랑대,화곡
화랑대,한강진
화랑대,월드컵경기장
화랑대,대림
화랑대,마천
화랑대,월곡
화랑대,길동
화랑대,방배
화랑대,성수
화랑대,지축
화랑대,숙대입구
화랑대,명일
화랑대,청구
화랑대,봉천
화랑대,동대입구
화랑대,구산
화랑대,서울역
화랑대,회현
화랑대,사가정
화랑대,잠실새내
화랑대,왕십리
화랑대,동묘앞
화랑대,혜화
화랑대,상수
화랑대,충무로
화랑대,학여울
화랑대,수서
화랑대,건대입구
화랑대,매봉
화랑대,중화
화랑대,강남구청
화랑대,쌍문
화랑대,신용산
화랑대,석촌고분
화랑대,상계
화랑대,하남검단산
화랑대,신정
화랑대,구의
화랑대,경찰병원
화랑대,마들
화랑대,청담
화랑대,도곡
화랑대,신중동
화랑대,을지로4가
화랑대,선정릉
화랑대,김포공항
화랑대,남태령
화랑대,동대문
화랑대,마포
화랑대,영등포시장
화랑대,고덕
화랑대,대흥
화랑대,올림픽공원
화랑대,돌곶이
화랑대,학동
화랑대,삼전
화랑대,아현
화랑대,상월곡
화랑대,언주
화랑대,한성대입구
화랑대,거여
화랑대,동작
화랑대,상일동
화랑대,신사
화랑대,강동구청
화랑대,개화산
화랑대,신길
화랑대,이수
화랑대,신당
화랑대,잠실나루
화랑대,양평
화랑대,녹번
화랑대,잠실
화랑대,용답
역촌,제기동
역촌,굽은다리
역촌,신도림
역촌,합정
역촌,신금호
역촌,창동
역촌,마장
역촌,행당
역촌,굴포천
역촌,불광
역촌,송정
역촌,삼각지
역촌,부천종합운동장
역촌,장암
역촌,신풍
역촌,애오개
역촌,문정
역촌,보문
역촌,송파나루
역촌,약수
역촌,안국
역촌,을지로입구
역촌,미사
역촌,독립문
역촌,남한산성입구
역촌,미아사거리
역촌,홍제
역촌,도봉산
역촌,천호
역촌,내방
역촌,단대오거리
역촌,뚝섬
역촌,강일
역촌,홍대입구
역촌,버티고개
역촌,남부터미널
역촌,부평구청
역촌,송파
역촌,이대
역촌,이촌
역촌,안암
역촌,무악재
역촌,용마산
역촌,디지털미디어시티
역촌,마포구청
역촌,광흥창
역촌,경복궁
역촌,화곡
역촌,한강진
역촌,월드컵경기장
역촌,대림
역촌,마천
역촌,월곡
역촌,길동
역촌,방배
역촌,성수
역촌,지축
역촌,숙대입구
역촌,명일
역촌,청구
역촌,봉천
역촌,동대입구
역촌,구산
역촌,서울역
역촌,회현
역촌,사가정
역촌,잠실새내
역촌,왕십리
역촌,동묘앞
역촌,혜화
역촌,상수
역촌,충무로
역촌,학여울
역촌,수서
역촌,건대입구
역촌,매봉
역촌,중화
역촌,강남구청
역촌,쌍문
역촌,신용산
역촌,석촌고분
역촌,상계
역촌,하남검단산
역촌,신정
역촌,구의
역촌,경찰병원
역촌,마들
역촌,청담
역촌,도곡
역촌,신중동
역촌,을지로4가
역촌,선정릉
역촌,김포공항
역촌,남태령
역촌,동대문
역촌,마포
역촌,영등포시장
역촌,고덕
역촌,대흥
역촌,올림픽공원
역촌,돌곶이
역촌,학동
역촌,삼전
역촌,아현
역촌,상월곡
역촌,언주
역촌,한성대입구
역촌,거여
역촌,동작
역촌,상일동
역촌,신사
역촌,강동구청
역촌,개화산
역촌,신길
역촌,이수
역촌,신당
역촌,잠실나루
역촌,양평
역촌,녹번
역촌,잠실
역촌,용답
제기동,굽은다리
제기동,신도림
제기동,합정
제기동,신금호
제기동,창동
제기동,마장
제기동,행당
제기동,굴포천
제기동,불광
제기동,송정
제기동,삼각지
제기동,부천종합운동장
제기동,장암
제기동,신풍
제기동,애오개
제기동,문정
제기동,보문
제기동,송파나루
제기동,약수
제기동,안국
제기동,을지로입구
제기동,미사
제기동,독립문
제기동,남한산성입구
제기동,미아사거리
제기동,홍제
제기동,도봉산
제기동,천호
제기동,내방
제기동,단대오거리
제기동,뚝섬
제기동,강일
제기동,홍대입구
제기동,버티고개
제기동,남부터미널
제기동,부평구청
제기동,송파
제기동,이대
제기동,이촌
제기동,안암
제기동,무악재
제기동,용마산
제기동,디지털미디어시티
제기동,마포구청
제기동,광흥창
제기동,경복궁
제기동,화곡
제기동,한강진
제기동,월드컵경기장
제기동,대림
제기동,마천
제기동,월곡
제기동,길동
제기동,방배
제기동,성수
제기동,지축
제기동,숙대입구
제기동,명일
제기동,청구
제기동,봉천
제기동,동대입구
제기동,구산
제기동,서울역
제기동,회현
제기동,사가정
제기동,잠실새내
제기동,왕십리
제기동,동묘앞
제기동,혜화
제기동,상수
제기동,충무로
제기동,학여울
제기동,수서
제기동,건대입구
제기동,매봉
제기동,중화
제기동,강남구청
제기동,쌍문
제기동,신용산
제기동,석촌고분
제기동,상계
제기동,하남검단산
제기동,신정
제기동,구의
제기동,경찰병원
제기동,마들
제기동,청담
제기동,도곡
제기동,신중동
제기동,을지로4가
제기동,선정릉
제기동,김포공항
제기동,남태령
제기동,동대문
제기동,마포
제기동,영등포시장
제기동,고덕
제기동,대흥
제기동,올림픽공원
제기동,돌곶이
제기동,학동
제기동,삼전
제기동,아현
제기동,상월곡
제기동,언주
제기동,한성대입구
제기동,거여
제기동,동작
제기동,상일동
제기동,신사
제기동,강동구청
제기동,개화산
제기동,신길
제기동,이수
제기동,신당
제기동,잠실나루
제기동,양평
제기동,녹번
제기동,잠실
제기동,용답
굽은다리,신도림
굽은다리,합정
굽은다리,신금호
굽은다리,창동
굽은다리,마장
굽은다리,행당
굽은다리,굴포천
굽은다리,불광
굽은다리,송정
굽은다리,삼각지
굽은다리,부천종합운동장
굽은다리,장암
굽은다리,신풍
굽은다리,애오개
굽은다리,문정
굽은다리,보문
굽은다리,송파나루
굽은다리,약수
굽은다리,안국
굽은다리,을지로입구
굽은다리,미사
굽은다리,독립문
굽은다리,남한산성입구
굽은다리,미아사거리
굽은다리,홍제
굽은다리,도봉산
굽은다리,천호
굽은다리,내방
굽은다리,단대오거리
굽은다리,뚝섬
굽은다리,강일
굽은다리,홍대입구
굽은다리,버티고개
굽은다리,남부터미널
굽은다리,부평구청
굽은다리,송파
굽은다리,이대
굽은다리,이촌
굽은다리,안암
굽은다리,무악재
굽은다리,용마산
굽은다리,디지털미디어시티
굽은다리,마포구청
굽은다리,광흥창
굽은다리,경복궁
굽은다리,화곡
굽은다리,한강진
굽은다리,월드컵경기장
굽은다리,대림
굽은다리,마천
굽은다리,월곡
굽은다리,길동
굽은다리,방배
굽은다리,성수
굽은다리,지축
굽은다리,숙대입구
굽은다리,명일
굽은다리,청구
굽은다리,봉천
굽은다리,동대입구
굽은다리,구산
굽은다리,서울역
굽은다리,회현
굽은다리,사가정
굽은다리,잠실새내
굽은다리,왕십리
굽은다리,동묘앞
굽은다리,혜화
굽은다리,상수
굽은다리,충무로
굽은다리,학여울
굽은다리,수서
굽은다리,건대입구
굽은다리,매봉
굽은다리,중화
굽은다리,강남구청
굽은다리,쌍문
굽은다리,신용산
굽은다리,석촌고분
굽은다리,상계
굽은다리,하남검단산
굽은다리,신정
굽은다리,구의
굽은다리,경찰병원
굽은다리,마들
굽은다리,청담
굽은다리,도곡
굽은다리,신중동
굽은다리,을지로4가
굽은다리,선정릉
굽은다리,김포공항
굽은다리,남태령
굽은다리,동대문
굽은다리,마포
굽은다리,영등포시장
굽은다리,고덕
굽은다리,대흥
굽은다리,올림픽공원
굽은다리,돌곶이
굽은다리,학동
굽은다리,삼전
굽은다리,아현
굽은다리,상월곡
굽은다리,언주
굽은다리,한성대입구
굽은다리,거여
굽은다리,동작
굽은다리,상일동
굽은다리,신사
굽은다리,강동구청
굽은다리,개화산
굽은다리,신길
굽은다리,이수
굽은다리,신당
굽은다리,잠실나루
굽은다리,양평
굽은다리,녹번
굽은다리,잠실
굽은다리,용답
신도림,합정
신도림,신금호
신도림,창동
신도림,마장
신도림,행당
신도림,굴포천
신도림,불광
신도림,송정
신도림,삼각지
신도림,부천종합운동장
신도림,장암
신도림,신풍
신도림,애오개
신도림,문정
신도림,보문
신도림,송파나루
신도림,약수
신도림,안국
신도림,을지로입구
신도림,미사
신도림,독립문
신도림,남한산성입구
신도림,미아사거리
신도림,홍제
신도림,도봉산
신도림,천호
신도림,내방
신도림,단대오거리
신도림,뚝섬
신도림,강일
신도림,홍대입구
신도림,버티고개
신도림,남부터미널
신도림,부평구청
신도림,송파
신도림,이대
신도림,이촌
신도림,안암
신도림,무악재
신도림,용마산
신도림,디지털미디어시티
신도림,마포구청
신도림,광흥창
신도림,경복궁
신도림,화곡
신도림,한강진
신도림,월드컵경기장
신도림,대림
신도림,마천
신도림,월곡
신도림,길동
신도림,방배
신도림,성수
신도림,지축
신도림,숙대입구
신도림,명일
신도림,청구
신도림,봉천
신도림,동대입구
신도림,구산
신도림,서울역
신도림,회현
신도림,사가정
신도림,잠실새내
신도림,왕십리
신도림,동묘앞
신도림,혜화
신도림,상수
신도림,충무로
신도림,학여울
신도림,수서
신도림,건대입구
신도림,매봉
신도림,중화
신도림,강남구청
신도림,쌍문
신도림,신용산
신도림,석촌고분
신도림,상계
신도림,하남검단산
신도림,신정
신도림,구의
신도림,경찰병원
신도림,마들
신도림,청담
신도림,도곡
신도림,신중동
신도림,을지로4가
신도림,선정릉
신도림,김포공항
신도림,남태령
신도림,동대문
신도림,마포
신도림,영등포시장
신도림,고덕
신도림,대흥
신도림,올림픽공원
신도림,돌곶이
신도림,학동
신도림,삼전
신도림,아현
신도림,상월곡
신도림,언주
신도림,한성대입구
신도림,거여
신도림,동작
신도림,상일동
신도림,신사
신도림,강동구청
신도림,개화산
신도림,신길
신도림,이수
신도림,신당
신도림,잠실나루
신도림,양평
신도림,녹번
신도림,잠실
신도림,용답
합정,신금호
합정,창동
합정,마장
합정,행당
합정,굴포천
합정,불광
합정,송정
합정,삼각지
합정,부천종합운동장
합정,장암
합정,신풍
합정,애오개
합정,문정
합정,보문
합정,송파나루
합정,약수
합정,안국
합정,을지로입구
합정,미사
합정,독립문
합정,남한산성입구
합정,미아사거리
합정,홍제
합정,도봉산
합정,천호
합정,내방
합정,단대오거리
합정,뚝섬
합정,강일
합정,홍대입구
합정,버티고개
합정,남부터미널
합정,부평구청
합정,송파
합정,이대
합정,이촌
합정,안암
합정,무악재
합정,용마산
합정,디지털미디어시티
합정,마포구청
합정,광흥창
합정,경복궁
합정,화곡
합정,한강진
합정,월드컵경기장
합정,대림
합정,마천
합정,월곡
합정,길동
합정,방배
합정,성수
합정,지축
합정,숙대입구
합정,명일
합정,청구
합정,봉천
합정,동대입구
합정,구산
합정,서울역
합정,회현
합정,사가정
합정,잠실새내
합정,왕십리
합정,동묘앞
합정,혜화
합정,상수
합정,충무로
합정,학여울
합정,수서
합정,건대입구
합정,매봉
합정,중화
합정,강남구청
합정,쌍문
합정,신용산
합정,석촌고분
합정,상계
합정,하남검단산
합정,신정
합정,구의
합정,경찰병원
합정,마들
합정,청담
합정,도곡
합정,신중동
합정,을지로4가
합정,선정릉
합정,김포공항
합정,남태령
합정,동대문
합정,마포
합정,영등포시장
합정,고덕
합정,대흥
합정,올림픽공원
합정,돌곶이
합정,학동
합정,삼전
합정,아현
합정,상월곡
합정,언주
합정,한성대입구
합정,거여
합정,동작
합정,상일동
합정,신사
합정,강동구청
합정,개화산
합정,신길
합정,이수
합정,신당
합정,잠실나루
합정,양평
합정,녹번
합정,잠실
합정,용답
신금호,창동
신금호,마장
신금호,행당
신금호,굴포천
신금호,불광
신금호,송정
신금호,삼각지
신금호,부천종합운동장
신금호,장암
신금호,신풍
신금호,애오개
신금호,문정
신금호,보문
신금호,송파나루
신금호,약수
신금호,안국
신금호,을지로입구
신금호,미사
신금호,독립문
신금호,남한산성입구
신금호,미아사거리
신금호,홍제
신금호,도봉산
신금호,천호
신금호,내방
신금호,단대오거리
신금호,뚝섬
신금호,강일
신금호,홍대입구
신금호,버티고개
신금호,남부터미널
신금호,부평구청
신금호,송파
신금호,이대
신금호,이촌
신금호,안암
신금호,무악재
신금호,용마산
신금호,디지털미디어시티
신금호,마포구청
신금호,광흥창
신금호,경복궁
신금호,화곡
신금호,한강진
신금호,월드컵경기장
신금호,대림
신금호,마천
신금호,월곡
신금호,길동
신금호,방배
신금호,성수
신금호,지축
신금호,숙대입구
신금호,명일
신금호,청구
신금호,봉천
신금호,동대입구
신금호,구산
신금호,서울역
신금호,회현
신금호,사가정
신금호,잠실새내
신금호,왕십리
신금호,동묘앞
신금호,혜화
신금호,상수
신금호,충무로
신금호,학여울
신금호,수서
신금호,건대입구
신금호,매봉
신금호,중화
신금호,강남구청
신금호,쌍문
신금호,신용산
신금호,석촌고분
신금호,상계
신금호,하남검단산
신금호,신정
신금호,구의
신금호,경찰병원
신금호,마들
신금호,청담
신금호,도곡
신금호,신중동
신금호,을지로4가
신금호,선정릉
신금호,김포공항
신금호,남태령
신금호,동대문
신금호,마포
신금호,영등포시장
신금호,고덕
신금호,대흥
신금호,올림픽공원
신금호,돌곶이
신금호,학동
신금호,삼전
신금호,아현
신금호,상월곡
신금호,언주
신금호,한성대입구
신금호,거여
신금호,동작
신금호,상일동
신금호,신사
신금호,강동구청
신금호,개화산
신금호,신길
신금호,이수
신금호,신당
신금호,잠실나루
신금호,양평
신금호,녹번
신금호,잠실
신금호,용답
창동,마장
창동,행당
창동,굴포천
창동,불광
창동,송정
창동,삼각지
창동,부천종합운동장
창동,장암
창동,신풍
창동,애오개
창동,문정
창동,보문
창동,송파나루
창동,약수
창동,안국
창동,을지로입구
창동,미사
창동,독립문
창동,남한산성입구
창동,미아사거리
창동,홍제
창동,도봉산
창동,천호
창동,내방
창동,단대오거리
창동,뚝섬
창동,강일
창동,홍대입구
창동,버티고개
창동,남부터미널
창동,부평구청
창동,송파
창동,이대
창동,이촌
창동,안암
창동,무악재
창동,용마산
창동,디지털미디어시티
창동,마포구청
창동,광흥창
창동,경복궁
창동,화곡
창동,한강진
창동,월드컵경기장
창동,대림
창동,마천
창동,월곡
창동,길동
창동,방배
창동,성수
창동,지축
창동,숙대입구
창동,명일
창동,청구
창동,봉천
창동,동대입구
창동,구산
창동,서울역
창동,회현
창동,사가정
창동,잠실새내
창동,왕십리
창동,동묘앞
창동,혜화
창동,상수
창동,충무로
창동,학여울
창동,수서
창동,건대입구
창동,매봉
창동,중화
창동,강남구청
창동,쌍문
창동,신용산
창동,석촌고분
창동,상계
창동,하남검단산
창동,신정
창동,구의
창동,경찰병원
창동,마들
창동,청담
창동,도곡
창동,신중동
창동,을지로4가
창동,선정릉
창동,김포공항
창동,남태령
창동,동대문
창동,마포
창동,영등포시장
창동,고덕
창동,대흥
창동,올림픽공원
창동,돌곶이
창동,학동
창동,삼전
창동,아현
창동,상월곡
창동,언주
창동,한성대입구
창동,거여
창동,동작
창동,상일동
창동,신사
창동,강동구청
창동,개화산
창동,신길
창동,이수
창동,신당
창동,잠실나루
창동,양평
창동,녹번
창동,잠실
창동,용답
마장,행당
마장,굴포천
마장,불광
마장,송정
마장,삼각지
마장,부천종합운동장
마장,장암
마장,신풍
마장,애오개
마장,문정
마장,보문
마장,송파나루
마장,약수
마장,안국
마장,을지로입구
마장,미사
마장,독립문
마장,남한산성입구
마장,미아사거리
마장,홍제
마장,도봉산
마장,천호
마장,내방
마장,단대오거리
마장,뚝섬
마장,강일
마장,홍대입구
마장,버티고개
마장,남부터미널
마장,부평구청
마장,송파
마장,이대
마장,이촌
마장,안암
마장,무악재
마장,용마산
마장,디지털미디어시티
마장,마포구청
마장,광흥창
마장,경복궁
마장,화곡
마장,한강진
마장,월드컵경기장
마장,대림
마장,마천
마장,월곡
마장,길동
마장,방배
마장,성수
마장,지축
마장,숙대입구
마장,명일
마장,청구
마장,봉천
마장,동대입구
마장,구산
마장,서울역
마장,회현
마장,사가정
마장,잠실새내
마장,왕십리
마장,동묘앞
마장,혜화
마장,상수
마장,충무로
마장,학여울
마장,수서
마장,건대입구
마장,매봉
마장,중화
마장,강남구청
마장,쌍문
마장,신용산
마장,석촌고분
마장,상계
마장,하남검단산
마장,신정
마장,구의
마장,경찰병원
마장,마들
마장,청담
마장,도곡
마장,신중동
마장,을지로4가
마장,선정릉
마장,김포공항
마장,남태령
마장,동대문
마장,마포
마장,영등포시장
마장,고덕
마장,대흥
마장,올림픽공원
마장,돌곶이
마장,학동
마장,삼전
마장,아현
마장,상월곡
마장,언주
마장,한성대입구
마장,거여
마장,동작
마장,상일동
마장,신사
마장,강동구청
마장,개화산
마장,신길
마장,이수
마장,신당
마장,잠실나루
마장,양평
마장,녹번
마장,잠실
마장,용답
행당,굴포천
행당,불광
행당,송정
행당,삼각지
행당,부천종합운동장
행당,장암
행당,신풍
행당,애오개
행당,문정
행당,보문
행당,송파나루
행당,약수
행당,안국
행당,을지로입구
행당,미사
행당,독립문
행당,남한산성입구
행당,미아사거리
행당,홍제
행당,도봉산
행당,천호
행당,내방
행당,단대오거리
행당,뚝섬
행당,강일
행당,홍대입구
행당,버티고개
행당,남부터미널
행당,부평구청
행당,송파
행당,이대
행당,이촌
행당,안암
행당,무악재
행당,용마산
행당,디지털미디어시티
행당,마포구청
행당,광흥창
행당,경복궁
행당,화곡
행당,한강진
행당,월드컵경기장
행당,대림
행당,마천
행당,월곡
행당,길동
행당,방배
행당,성수
행당,지축
행당,숙대입구
행당,명일
행당,청구
행당,봉천
행당,동대입구
행당,구산
행당,서울역
행당,회현
행당,사가정
행당,잠실새내
행당,왕십리
행당,동묘앞
행당,혜화
행당,상수
행당,충무로
행당,학여울
행당,수서
행당,건대입구
행당,매봉
행당,중화
행당,강남구청
행당,쌍문
행당,신용산
행당,석촌고분
행당,상계
행당,하남검단산
행당,신정
행당,구의
행당,경찰병원
행당,마들
행당,청담
행당,도곡
행당,신중동
행당,을지로4가
행당,선정릉
행당,김포공항
행당,남태령
행당,동대문
행당,마포
행당,영등포시장
행당,고덕
행당,대흥
행당,올림픽공원
행당,돌곶이
행당,학동
행당,삼전
행당,아현
행당,상월곡
행당,언주
행당,한성대입구
행당,거여
행당,동작
행당,상일동
행당,신사
행당,강동구청
행당,개화산
행당,신길
행당,이수
행당,신당
행당,잠실나루
행당,양평
행당,녹번
행당,잠실
행당,용답
굴포천,불광
굴포천,송정
굴포천,삼각지
굴포천,부천종합운동장
굴포천,장암
굴포천,신풍
굴포천,애오개
굴포천,문정
굴포천,보문
굴포천,송파나루
굴포천,약수
굴포천,안국
굴포천,을지로입구
굴포천,미사
굴포천,독립문
굴포천,남한산성입구
굴포천,미아사거리
굴포천,홍제
굴포천,도봉산
굴포천,천호
굴포천,내방
굴포천,단대오거리
굴포천,뚝섬
굴포천,강일
굴포천,홍대입구
굴포천,버티고개
굴포천,남부터미널
굴포천,부평구청
굴포천,송파
굴포천,이대
굴포천,이촌
굴포천,안암
굴포천,무악재
굴포천,용마산
굴포천,디지털미디어시티
굴포천,마포구청
굴포천,광흥창
굴포천,경복궁
굴포천,화곡
굴포천,한강진
굴포천,월드컵경기장
굴포천,대림
굴포천,마천
굴포천,월곡
굴포천,길동
굴포천,방배
굴포천,성수
굴포천,지축
굴포천,숙대입구
굴포천,명일
굴포천,청구
굴포천,봉천
굴포천,동대입구
굴포천,구산
굴포천,서울역
굴포천,회현
굴포천,사가정
굴포천,잠실새내
굴포천,왕십리
굴포천,동묘앞
굴포천,혜화
굴포천,상수
굴포천,충무로
굴포천,학여울
굴포천,수서
굴포천,건대입구
굴포천,매봉
굴포천,중화
굴포천,강남구청
굴포천,쌍문
굴포천,신용산
굴포천,석촌고분
굴포천,상계
굴포천,하남검단산
굴포천,신정
굴포천,구의
굴포천,경찰병원
굴포천,마들
굴포천,청담
굴포천,도곡
굴포천,신중동
굴포천,을지로4가
굴포천,선정릉
굴포천,김포공항
굴포천,남태령
굴포천,동대문
굴포천,마포
굴포천,영등포시장
굴포천,고덕
굴포천,대흥
굴포천,올림픽공원
굴포천,돌곶이
굴포천,학동
굴포천,삼전
굴포천,아현
굴포천,상월곡
굴포천,언주
굴포천,한성대입구
굴포천,거여
굴포천,동작
굴포천,상일동
굴포천,신사
굴포천,강동구청
굴포천,개화산
굴포천,신길
굴포천,이수
굴포천,신당
굴포천,잠실나루
굴포천,양평
굴포천,녹번
굴포천,잠실
굴포천,용답
불광,송정
불광,삼각지
불광,부천종합운동장
불광,장암
불광,신풍
불광,애오개
불광,문정
불광,보문
불광,송파나루
불광,약수
불광,안국
불광,을지로입구
불광,미사
불광,독립문
불광,남한산성입구
불광,미아사거리
불광,홍제
불광,도봉산
불광,천호
불광,내방
불광,단대오거리
불광,뚝섬
불광,강일
불광,홍대입구
불광,버티고개
불광,남부터미널
불광,부평구청
불광,송파
불광,이대
불광,이촌
불광,안암
불광,무악재
불광,용마산
불광,디지털미디어시티
불광,마포구청
불광,광흥창
불광,경복궁
불광,화곡
불광,한강진
불광,월드컵경기장
불광,대림
불광,마천
불광,월곡
불광,길동
불광,방배
불광,성수
불광,지축
불광,숙대입구
불광,명일
불광,청구
불광,봉천
불광,동대입구
불광,구산
불광,서울역
불광,회현
불광,사가정
불광,잠실새내
불광,왕십리
불광,동묘앞
불광,혜화
불광,상수
불광,충무로
불광,학여울
불광,수서
불광,건대입구
불광,매봉
불광,중화
불광,강남구청
불광,쌍문
불광,신용산
불광,석촌고분
불광,상계
불광,하남검단산
불광,신정
불광,구의
불광,경찰병원
불광,마들
불광,청담
불광,도곡
불광,신중동
불광,을지로4가
불광,선정릉
불광,김포공항
불광,남태령
불광,동대문
불광,마포
불광,영등포시장
불광,고덕
불광,대흥
불광,올림픽공원
불광,돌곶이
불광,학동
불광,삼전
불광,아현
불광,상월곡
불광,언주
불광,한성대입구
불광,거여
불광,동작
불광,상일동
불광,신사
불광,강동구청
불광,개화산
불광,신길
불광,이수
불광,신당
불광,잠실나루
불광,양평
불광,녹번
불광,잠실
불광,용답
송정,삼각지
송정,부천종합운동장
송정,장암
송정,신풍
송정,애오개
송정,문정
송정,보문
송정,송파나루
송정,약수
송정,안국
송정,을지로입구
송정,미사
송정,독립문
송정,남한산성입구
송정,미아사거리
송정,홍제
송정,도봉산
송정,천호
송정,내방
송정,단대오거리
송정,뚝섬
송정,강일
송정,홍대입구
송정,버티고개
송정,남부터미널
송정,부평구청
송정,송파
송정,이대
송정,이촌
송정,안암
송정,무악재
송정,용마산
송정,디지털미디어시티
송정,마포구청
송정,광흥창
송정,경복궁
송정,화곡
송정,한강진
송정,월드컵경기장
송정,대림
송정,마천
송정,월곡
송정,길동
송정,방배
송정,성수
송정,지축
송정,숙대입구
송정,명일
송정,청구
송정,봉천
송정,동대입구
송정,구산
송정,서울역
송정,회현
송정,사가정
송정,잠실새내
송정,왕십리
송정,동묘앞
송정,혜화
송정,상수
송정,충무로
송정,학여울
송정,수서
송정,건대입구
송정,매봉
송정,중화
송정,강남구청
송정,쌍문
송정,신용산
송정,석촌고분
송정,상계
송정,하남검단산
송정,신정
송정,구의
송정,경찰병원
송정,마들
송정,청담
송정,도곡
송정,신중동
송정,을지로4가
송정,선정릉
송정,김포공항
송정,남태령
송정,동대문
송정,마포
송정,영등포시장
송정,고덕
송정,대흥
송정,올림픽공원
송정,돌곶이
송정,학동
송정,삼전
송정,아현
송정,상월곡
송정,언주
송정,한성대입구
송정,거여
송정,동작
송정,상일동
송정,신사
송정,강동구청
송정,개화산
송정,신길
송정,이수
송정,신당
송정,잠실나루
송정,양평
송정,녹번
송정,잠실
송정,용답
삼각지,부천종합운동장
삼각지,장암
삼각지,신풍
삼각지,애오개
삼각지,문정
삼각지,보문
삼각지,송파나루
삼각지,약수
삼각지,안국
삼각지,을지로입구
삼각지,미사
삼각지,독립문
삼각지,남한산성입구
삼각지,미아사거리
삼각지,홍제
삼각지,도봉산
삼각지,천호
삼각지,내방
삼각지,단대오거리
삼각지,뚝섬
삼각지,강일
삼각지,홍대입구
삼각지,버티고개
삼각지,남부터미널
삼각지,부평구청
삼각지,송파
삼각지,이대
삼각지,이촌
삼각지,안암
삼각지,무악재
삼각지,용마산
삼각지,디지털미디어시티
삼각지,마포구청
삼각지,광흥창
삼각지,경복궁
삼각지,화곡
삼각지,한강진
삼각지,월드컵경기장
삼각지,대림
삼각지,마천
삼각지,월곡
삼각지,길동
삼각지,방배
삼각지,성수
삼각지,지축
삼각지,숙대입구
삼각지,명일
삼각지,청구
삼각지,봉천
삼각지,동대입구
삼각지,구산
삼각지,서울역
삼각지,회현
삼각지,사가정
삼각지,잠실새내
삼각지,왕십리
삼각지,동묘앞
삼각지,혜화
삼각지,상수
삼각지,충무로
삼각지,학여울
삼각지,수서
삼각지,건대입구
삼각지,매봉
삼각지,중화
삼각지,강남구청
삼각지,쌍문
삼각지,신용산
삼각지,석촌고분
삼각지,상계
삼각지,하남검단산
삼각지,신정
삼각지,구의
삼각지,경찰병원
삼각지,마들
삼각지,청담
삼각지,도곡
삼각지,신중동
삼각지,을지로4가
삼각지,선정릉
삼각지,김포공항
삼각지,남태령
삼각지,동대문
삼각지,마포
삼각지,영등포시장
삼각지,고덕
삼각지,대흥
삼각지,올림픽공원
삼각지,돌곶이
삼각지,학동
삼각지,삼전
삼각지,아현
삼각지,상월곡
삼각지,언주
삼각지,한성대입구
삼각지,거여
삼각지,동작
삼각지,상일동
삼각지,신사
삼각지,강동구청
삼각지,개화산
삼각지,신길
삼각지,이수
삼각지,신당
삼각지,잠실나루
삼각지,양평
삼각지,녹번
삼각지,잠실
삼각지,용답
부천종합운동장,장암
부천종합운동장,신풍
부천종합운동장,애오개
부천종합운동장,문정
부천종합운동장,보문
부천종합운동장,송파나루
부천종합운동장,약수
부천종합운동장,안국
부천종합운동장,을지로입구
부천종합운동장,미사
부천종합운동장,독립문
부천종합운동장,남한산성입구
부천종합운동장,미아사거리
부천종합운동장,홍제
부천종합운동장,도봉산
부천종합운동장,천호
부천종합운동장,내방
부천종합운동장,단대오거리
부천종합운동장,뚝섬
부천종합운동장,강일
부천종합운동장,홍대입구
부천종합운동장,버티고개
부천종합운동장,남부터미널
부천종합운동장,부평구청
부천종합운동장,송파
부천종합운동장,이대
부천종합운동장,이촌
부천종합운동장,안암
부천종합운동장,무악재
부천종합운동장,용마산
부천종합운동장,디지털미디어시티
부천종합운동장,마포구청
부천종합운동장,광흥창
부천종합운동장,경복궁
부천종합운동장,화곡
부천종합운동장,한강진
부천종합운동장,월드컵경기장
부천종합운동장,대림
부천종합운동장,마천
부천종합운동장,월곡
부천종합운동장,길동
부천종합운동장,방배
부천종합운동장,성수
부천종합운동장,지축
부천종합운동장,숙대입구
부천종합운동장,명일
부천종합운동장,청구
부천종합운동장,봉천
부천종합운동장,동대입구
부천종합운동장,구산
부천종합운동장,서울역
부천종합운동장,회현
부천종합운동장,사가정
부천종합운동장,잠실새내
부천종합운동장,왕십리
부천종합운동장,동묘앞
부천종합운동장,혜화
부천종합운동장,상수
부천종합운동장,충무로
부천종합운동장,학여울
부천종합운동장,수서
부천종합운동장,건대입구
부천종합운동장,매봉
부천종합운동장,중화
부천종합운동장,강남구청
부천종합운동장,쌍문
부천종합운동장,신용산
부천종합운동장,석촌고분
부천종합운동장,상계
부천종합운동장,하남검단산
부천종합운동장,신정
부천종합운동장,구의
부천종합운동장,경찰병원
부천종합운동장,마들
부천종합운동장,청담
부천종합운동장,도곡
부천종합운동장,신중동
부천종합운동장,을지로4가
부천종합운동장,선정릉
부천종합운동장,김포공항
부천종합운동장,남태령
부천종합운동장,동대문
부천종합운동장,마포
부천종합운동장,영등포시장
부천종합운동장,고덕
부천종합운동장,대흥
부천종합운동장,올림픽공원
부천종합운동장,돌곶이
부천종합운동장,학동
부천종합운동장,삼전
부천종합운동장,아현
부천종합운동장,상월곡
부천종합운동장,언주
부천종합운동장,한성대입구
부천종합운동장,거여
부천종합운동장,동작
부천종합운동장,상일동
부천종합운동장,신사
부천종합운동장,강동구청
부천종합운동장,개화산
부천종합운동장,신길
부천종합운동장,이수
부천종합운동장,신당
부천종합운동장,잠실나루
부천종합운동장,양평
부천종합운동장,녹번
부천종합운동장,잠실
부천종합운동장,용답
장암,신풍
장암,애오개
장암,문정
장암,보문
장암,송파나루
장암,약수
장암,안국
장암,을지로입구
장암,미사
장암,독립문
장암,남한산성입구
장암,미아사거리
장암,홍제
장암,도봉산
장암,천호
장암,내방
장암,단대오거리
장암,뚝섬
장암,강일
장암,홍대입구
장암,버티고개
장암,남부터미널
장암,부평구청
장암,송파
장암,이대
장암,이촌
장암,안암
장암,무악재
장암,용마산
장암,디지털미디어시티
장암,마포구청
장암,광흥창
장암,경복궁
장암,화곡
장암,한강진
장암,월드컵경기장
장암,대림
장암,마천
장암,월곡
장암,길동
장암,방배
장암,성수
장암,지축
장암,숙대입구
장암,명일
장암,청구
장암,봉천
장암,동대입구
장암,구산
장암,서울역
장암,회현
장암,사가정
장암,잠실새내
장암,왕십리
장암,동묘앞
장암,혜화
장암,상수
장암,충무로
장암,학여울
장암,수서
장암,건대입구
장암,매봉
장암,중화
장암,강남구청
장암,쌍문
장암,신용산
장암,석촌고분
장암,상계
장암,하남검단산
장암,신정
장암,구의
장암,경찰병원
장암,마들
장암,청담
장암,도곡
장암,신중동
장암,을지로4가
장암,선정릉
장암,김포공항
장암,남태령
장암,동대문
장암,마포
장암,영등포시장
장암,고덕
장암,대흥
장암,올림픽공원
장암,돌곶이
장암,학동
장암,삼전
장암,아현
장암,상월곡
장암,언주
장암,한성대입구
장암,거여
장암,동작
장암,상일동
장암,신사
장암,강동구청
장암,개화산
장암,신길
장암,이수
장암,신당
장암,잠실나루
장암,양평
장암,녹번
장암,잠실
장암,용답
신풍,애오개
신풍,문정
신풍,보문
신풍,송파나루
신풍,약수
신풍,안국
신풍,을지로입구
신풍,미사
신풍,독립문
신풍,남한산성입구
신풍,미아사거리
신풍,홍제
신풍,도봉산
신풍,천호
신풍,내방
신풍,단대오거리
신풍,뚝섬
신풍,강일
신풍,홍대입구
신풍,버티고개
신풍,남부터미널
신풍,부평구청
신풍,송파
신풍,이대
신풍,이촌
신풍,안암
신풍,무악재
신풍,용마산
신풍,디지털미디어시티
신풍,마포구청
신풍,광흥창
신풍,경복궁
신풍,화곡
신풍,한강진
신풍,월드컵경기장
신풍,대림
신풍,마천
신풍,월곡
신풍,길동
신풍,방배
신풍,성수
신풍,지축
신풍,숙대입구
신풍,명일
신풍,청구
신풍,봉천
신풍,동대입구
신풍,구산
신풍,서울역
신풍,회현
신풍,사가정
신풍,잠실새내
신풍,왕십리
신풍,동묘앞
신풍,혜화
신풍,상수
신풍,충무로
신풍,학여울
신풍,수서
신풍,건대입구
신풍,매봉
신풍,중화
신풍,강남구청
신풍,쌍문
신풍,신용산
신풍,석촌고분
신풍,상계
신풍,하남검단산
신풍,신정
신풍,구의
신풍,경찰병원
신풍,마들
신풍,청담
신풍,도곡
신풍,신중동
신풍,을지로4가
신풍,선정릉
신풍,김포공항
신풍,남태령
신풍,동대문
신풍,마포
신풍,영등포시장
신풍,고덕
신풍,대흥
신풍,올림픽공원
신풍,돌곶이
신풍,학동
신풍,삼전
신풍,아현
신풍,상월곡
신풍,언주
신풍,한성대입구
신풍,거여
신풍,동작
신풍,상일동
신풍,신사
신풍,강동구청
신풍,개화산
신풍,신길
신풍,이수
신풍,신당
신풍,잠실나루
신풍,양평
신풍,녹번
신풍,잠실
신풍,용답
애오개,문정
애오개,보문
애오개,송파나루
애오개,약수
애오개,안국
애오개,을지로입구
애오개,미사
애오개,독립문
애오개,남한산성입구
애오개,미아사거리
애오개,홍제
애오개,도봉산
애오개,천호
애오개,내방
애오개,단대오거리
애오개,뚝섬
애오개,강일
애오개,홍대입구
애오개,버티고개
애오개,남부터미널
애오개,부평구청
애오개,송파
애오개,이대
애오개,이촌
애오개,안암
애오개,무악재
애오개,용마산
애오개,디지털미디어시티
애오개,마포구청
애오개,광흥창
애오개,경복궁
애오개,화곡
애오개,한강진
애오개,월드컵경기장
애오개,대림
애오개,마천
애오개,월곡
애오개,길동
애오개,방배
애오개,성수
애오개,지축
애오개,숙대입구
애오개,명일
애오개,청구
애오개,봉천
애오개,동대입구
애오개,구산
애오개,서울역
애오개,회현
애오개,사가정
애오개,잠실새내
애오개,왕십리
애오개,동묘앞
애오개,혜화
애오개,상수
애오개,충무로
애오개,학여울
애오개,수서
애오개,건대입구
애오개,매봉
애오개,중화
애오개,강남구청
애오개,쌍문
애오개,신용산
애오개,석촌고분
애오개,상계
애오개,하남검단산
애오개,신정
애오개,구의
애오개,경찰병원
애오개,마들
애오개,청담
애오개,도곡
애오개,신중동
애오개,을지로4가
애오개,선정릉
애오개,김포공항
애오개,남태령
애오개,동대문
애오개,마포
애오개,영등포시장
애오개,고덕
애오개,대흥
애오개,올림픽공원
애오개,돌곶이
애오개,학동
애오개,삼전
애오개,아현
애오개,상월곡
애오개,언주
애오개,한성대입구
애오개,거여
애오개,동작
애오개,상일동
애오개,신사
애오개,강동구청
애오개,개화산
애오개,신길
애오개,이수
애오개,신당
애오개,잠실나루
애오개,양평
애오개,녹번
애오개,잠실
애오개,용답
문정,보문
문정,송파나루
문정,약수
문정,안국
문정,을지로입구
문정,미사
문정,독립문
문정,남한산성입구
문정,미아사거리
문정,홍제
문정,도봉산
문정,천호
문정,내방
문정,단대오거리
문정,뚝섬
문정,강일
문정,홍대입구
문정,버티고개
문정,남부터미널
문정,부평구청
문정,송파
문정,이대
문정,이촌
문정,안암
문정,무악재
문정,용마산
문정,디지털미디어시티
문정,마포구청
문정,광흥창
문정,경복궁
문정,화곡
문정,한강진
문정,월드컵경기장
문정,대림
문정,마천
문정,월곡
문정,길동
문정,방배
문정,성수
문정,지축
문정,숙대입구
문정,명일
문정,청구
문정,봉천
문정,동대입구
문정,구산
문정,서울역
문정,회현
문정,사가정
문정,잠실새내
문정,왕십리
문정,동묘앞
문정,혜화
문정,상수
문정,충무로
문정,학여울
문정,수서
문정,건대입구
문정,매봉
문정,중화
문정,강남구청
문정,쌍문
문정,신용산
문정,석촌고분
문정,상계
문정,하남검단산
문정,신정
문정,구의
문정,경찰병원
문정,마들
문정,청담
문정,도곡
문정,신중동
문정,을지로4가
문정,선정릉
문정,김포공항
문정,남태령
문정,동대문
문정,마포
문정,영등포시장
문정,고덕
문정,대흥
문정,올림픽공원
문정,돌곶이
문정,학동
문정,삼전
문정,아현
문정,상월곡
문정,언주
문정,한성대입구
문정,거여
문정,동작
문정,상일동
문정,신사
문정,강동구청
문정,개화산
문정,신길
문정,이수
문정,신당
문정,잠실나루
문정,양평
문정,녹번
문정,잠실
문정,용답
보문,송파나루
보문,약수
보문,안국
보문,을지로입구
보문,미사
보문,독립문
보문,남한산성입구
보문,미아사거리
보문,홍제
보문,도봉산
보문,천호
보문,내방
보문,단대오거리
보문,뚝섬
보문,강일
보문,홍대입구
보문,버티고개
보문,남부터미널
보문,부평구청
보문,송파
보문,이대
보문,이촌
보문,안암
보문,무악재
보문,용마산
보문,디지털미디어시티
보문,마포구청
보문,광흥창
보문,경복궁
보문,화곡
보문,한강진
보문,월드컵경기장
보문,대림
보문,마천
보문,월곡
보문,길동
보문,방배
보문,성수
보문,지축
보문,숙대입구
보문,명일
보문,청구
보문,봉천
보문,동대입구
보문,구산
보문,서울역
보문,회현
보문,사가정
보문,잠실새내
보문,왕십리
보문,동묘앞
보문,혜화
보문,상수
보문,충무로
보문,학여울
보문,수서
보문,건대입구
보문,매봉
보문,중화
보문,강남구청
보문,쌍문
보문,신용산
보문,석촌고분
보문,상계
보문,하남검단산
보문,신정
보문,구의
보문,경찰병원
보문,마들
보문,청담
보문,도곡
보문,신중동
보문,을지로4가
보문,선정릉
보문,김포공항
보문,남태령
보문,동대문
보문,마포
보문,영등포시장
보문,고덕
보문,대흥
보문,올림픽공원
보문,돌곶이
보문,학동
보문,삼전
보문,아현
보문,상월곡
보문,언주
보문,한성대입구
보문,거여
보문,동작
보문,상일동
보문,신사
보문,강동구청
보문,개화산
보문,신길
보문,이수
보문,신당
보문,잠실나루
보문,양평
보문,녹번
보문,잠실
보문,용답
송파나루,약수
송파나루,안국
송파나루,을지로입구
송파나루,미사
송파나루,독립문
송파나루,남한산성입구
송파나루,미아사거리
송파나루,홍제
송파나루,도봉산
송파나루,천호
송파나루,내방
송파나루,단대오거리
송파나루,뚝섬
송파나루,강일
송파나루,홍대입구
송파나루,버티고개
송파나루,남부터미널
송파나루,부평구청
송파나루,송파
송파나루,이대
송파나루,이촌
송파나루,안암
송파나루,무악재
송파나루,용마산
송파나루,디지털미디어시티
송파나루,마포구청
송파나루,광흥창
송파나루,경복궁
송파나루,화곡
송파나루,한강진
송파나루,월드컵경기장
송파나루,대림
송파나루,마천
송파나루,월곡
송파나루,길동
송파나루,방배
송파나루,성수
송파나루,지축
송파나루,숙대입구
송파나루,명일
송파나루,청구
송파나루,봉천
송파나루,동대입구
송파나루,구산
송파나루,서울역
송파나루,회현
송파나루,사가정
송파나루,잠실새내
송파나루,왕십리
송파나루,동묘앞
송파나루,혜화
송파나루,상수
송파나루,충무로
송파나루,학여울
송파나루,수서
송파나루,건대입구
송파나루,매봉
송파나루,중화
송파나루,강남구청
송파나루,쌍문
송파나루,신용산
송파나루,석촌고분
송파나루,상계
송파나루,하남검단산
송파나루,신정
송파나루,구의
송파나루,경찰병원
송파나루,마들
송파나루,청담
송파나루,도곡
송파나루,신중동
송파나루,을지로4가
송파나루,선정릉
송파나루,김포공항
송파나루,남태령
송파나루,동대문
송파나루,마포
송파나루,영등포시장
송파나루,고덕
송파나루,대흥
송파나루,올림픽공원
송파나루,돌곶이
송파나루,학동
송파나루,삼전
송파나루,아현
송파나루,상월곡
송파나루,언주
송파나루,한성대입구
송파나루,거여
송파나루,동작
송파나루,상일동
송파나루,신사
송파나루,강동구청
송파나루,개화산
송파나루,신길
송파나루,이수
송파나루,신당
송파나루,잠실나루
송파나루,양평
송파나루,녹번
송파나루,잠실
송파나루,용답
약수,안국
약수,을지로입구
약수,미사
약수,독립문
약수,남한산성입구
약수,미아사거리
약수,홍제
약수,도봉산
약수,천호
약수,내방
약수,단대오거리
약수,뚝섬
약수,강일
약수,홍대입구
약수,버티고개
약수,남부터미널
약수,부평구청
약수,송파
약수,이대
약수,이촌
약수,안암
약수,무악재
약수,용마산
약수,디지털미디어시티
약수,마포구청
약수,광흥창
약수,경복궁
약수,화곡
약수,한강진
약수,월드컵경기장
약수,대림
약수,마천
약수,월곡
약수,길동
약수,방배
약수,성수
약수,지축
약수,숙대입구
약수,명일
약수,청구
약수,봉천
약수,동대입구
약수,구산
약수,서울역
약수,회현
약수,사가정
약수,잠실새내
약수,왕십리
약수,동묘앞
약수,혜화
약수,상수
약수,충무로
약수,학여울
약수,수서
약수,건대입구
약수,매봉
약수,중화
약수,강남구청
약수,쌍문
약수,신용산
약수,석촌고분
약수,상계
약수,하남검단산
약수,신정
약수,구의
약수,경찰병원
약수,마들
약수,청담
약수,도곡
약수,신중동
약수,을지로4가
약수,선정릉
약수,김포공항
약수,남태령
약수,동대문
약수,마포
약수,영등포시장
약수,고덕
약수,대흥
약수,올림픽공원
약수,돌곶이
약수,학동
약수,삼전
약수,아현
약수,상월곡
약수,언주
약수,한성대입구
약수,거여
약수,동작
약수,상일동
약수,신사
약수,강동구청
약수,개화산
약수,신길
약수,이수
약수,신당
약수,잠실나루
약수,양평
약수,녹번
약수,잠실
약수,용답
안국,을지로입구
안국,미사
안국,독립문
안국,남한산성입구
안국,미아사거리
안국,홍제
안국,도봉산
안국,천호
안국,내방
안국,단대오거리
안국,뚝섬
안국,강일
안국,홍대입구
안국,버티고개
안국,남부터미널
안국,부평구청
안국,송파
안국,이대
안국,이촌
안국,안암
안국,무악재
안국,용마산
안국,디지털미디어시티
안국,마포구청
안국,광흥창
안국,경복궁
안국,화곡
안국,한강진
안국,월드컵경기장
안국,대림
안국,마천
안국,월곡
안국,길동
안국,방배
안국,성수
안국,지축
안국,숙대입구
안국,명일
안국,청구
안국,봉천
안국,동대입구
안국,구산
안국,서울역
안국,회현
안국,사가정
안국,잠실새내
안국,왕십리
안국,동묘앞
안국,혜화
안국,상수
안국,충무로
안국,학여울
안국,수서
안국,건대입구
안국,매봉
안국,중화
안국,강남구청
안국,쌍문
안국,신용산
안국,석촌고분
안국,상계
안국,하남검단산
안국,신정
안국,구의
안국,경찰병원
안국,마들
안국,청담
안국,도곡
안국,신중동
안국,을지로4가
안국,선정릉
안국,김포공항
안국,남태령
안국,동대문
안국,마포
안국,영등포시장
안국,고덕
안국,대흥
안국,올림픽공원
안국,돌곶이
안국,학동
안국,삼전
안국,아현
안국,상월곡
안국,언주
안국,한성대입구
안국,거여
안국,동작
안국,상일동
안국,신사
안국,강동구청
안국,개화산
안국,신길
안국,이수
안국,신당
안국,잠실나루
안국,양평
안국,녹번
안국,잠실
안국,용답
을지로입구,미사
을지로입구,독립문
을지로입구,남한산성입구
을지로입구,미아사거리
을지로입구,홍제
을지로입구,도봉산
을지로입구,천호
을지로입구,내방
을지로입구,단대오거리
을지로입구,뚝섬
을지로입구,강일
을지로입구,홍대입구
을지로입구,버티고개
을지로입구,남부터미널
을지로입구,부평구청
을지로입구,송파
을지로입구,이대
을지로입구,이촌
을지로입구,안암
을지로입구,무악재
을지로입구,용마산
을지로입구,디지털미디어시티
을지로입구,마포구청
을지로입구,광흥창
을지로입구,경복궁
을지로입구,화곡
을지로입구,한강진
을지로입구,월드컵경기장
을지로입구,대림
을지로입구,마천
을지로입구,월곡
을지로입구,길동
을지로입구,방배
을지로입구,성수
을지로입구,지축
을지로입구,숙대입구
을지로입구,명일
을지로입구,청구
을지로입구,봉천
을지로입구,동대입구
을지로입구,구산
을지로입구,서울역
을지로입구,회현
을지로입구,사가정
을지로입구,잠실새내
을지로입구,왕십리
을지로입구,동묘앞
을지로입구,혜화
을지로입구,상수
을지로입구,충무로
을지로입구,학여울
을지로입구,수서
을지로입구,건대입구
을지로입구,매봉
을지로입구,중화
을지로입구,강남구청
을지로입구,쌍문
을지로입구,신용산
을지로입구,석촌고분
을지로입구,상계
을지로입구,하남검단산
을지로입구,신정
을지로입구,구의
을지로입구,경찰병원
을지로입구,마들
을지로입구,청담
을지로입구,도곡
을지로입구,신중동
을지로입구,을지로4가
을지로입구,선정릉
을지로입구,김포공항
을지로입구,남태령
을지로입구,동대문
을지로입구,마포
을지로입구,영등포시장
을지로입구,고덕
을지로입구,대흥
을지로입구,올림픽공원
을지로입구,돌곶이
을지로입구,학동
을지로입구,삼전
을지로입구,아현
을지로입구,상월곡
을지로입구,언주
을지로입구,한성대입구
을지로입구,거여
을지로입구,동작
을지로입구,상일동
을지로입구,신사
을지로입구,강동구청
을지로입구,개화산
을지로입구,신길
을지로입구,이수
을지로입구,신당
을지로입구,잠실나루
을지로입구,양평
을지로입구,녹번
을지로입구,잠실
을지로입구,용답
미사,독립문
미사,남한산성입구
미사,미아사거리
미사,홍제
미사,도봉산
미사,천호
미사,내방
미사,단대오거리
미사,뚝섬
미사,강일
미사,홍대입구
미사,버티고개
미사,남부터미널
미사,부평구청
미사,송파
미사,이대
미사,이촌
미사,안암
미사,무악재
미사,용마산
미사,디지털미디어시티
미사,마포구청
미사,광흥창
미사,경복궁
미사,화곡
미사,한강진
미사,월드컵경기장
미사,대림
미사,마천
미사,월곡
미사,길동
미사,방배
미사,성수
미사,지축
미사,숙대입구
미사,명일
미사,청구
미사,봉천
미사,동대입구
미사,구산
미사,서울역
미사,회현
미사,사가정
미사,잠실새내
미사,왕십리
미사,동묘앞
미사,혜화
미사,상수
미사,충무로
미사,학여울
미사,수서
미사,건대입구
미사,매봉
미사,중화
미사,강남구청
미사,쌍문
미사,신용산
미사,석촌고분
미사,상계
미사,하남검단산
미사,신정
미사,구의
미사,경찰병원
미사,마들
미사,청담
미사,도곡
미사,신중동
미사,을지로4가
미사,선정릉
미사,김포공항
미사,남태령
미사,동대문
미사,마포
미사,영등포시장
미사,고덕
미사,대흥
미사,올림픽공원
미사,돌곶이
미사,학동
미사,삼전
미사,아현
미사,상월곡
미사,언주
미사,한성대입구
미사,거여
미사,동작
미사,상일동
미사,신사
미사,강동구청
미사,개화산
미사,신길
미사,이수
미사,신당
미사,잠실나루
미사,양평
미사,녹번
미사,잠실
미사,용답
독립문,남한산성입구
독립문,미아사거리
독립문,홍제
독립문,도봉산
독립문,천호
독립문,내방
독립문,단대오거리
독립문,뚝섬
독립문,강일
독립문,홍대입구
독립문,버티고개
독립문,남부터미널
독립문,부평구청
독립문,송파
독립문,이대
독립문,이촌
독립문,안암
독립문,무악재
독립문,용마산
독립문,디지털미디어시티
독립문,마포구청
독립문,광흥창
독립문,경복궁
독립문,화곡
독립문,한강진
독립문,월드컵경기장
독립문,대림
독립문,마천
독립문,월곡
독립문,길동
독립문,방배
독립문,성수
독립문,지축
독립문,숙대입구
독립문,명일
독립문,청구
독립문,봉천
독립문,동대입구
독립문,구산
독립문,서울역
독립문,회현
독립문,사가정
독립문,잠실새내
독립문,왕십리
독립문,동묘앞
독립문,혜화
독립문,상수
독립문,충무로
독립문,학여울
독립문,수서
독립문,건대입구
독립문,매봉
독립문,중화
독립문,강남구청
독립문,쌍문
독립문,신용산
독립문,석촌고분
독립문,상계
독립문,하남검단산
독립문,신정
독립문,구의
독립문,경찰병원
독립문,마들
독립문,청담
독립문,도곡
독립문,신중동
독립문,을지로4가
독립문,선정릉
독립문,김포공항
독립문,남태령
독립문,동대문
독립문,마포
독립문,영등포시장
독립문,고덕
독립문,대흥
독립문,올림픽공원
독립문,돌곶이
독립문,학동
독립문,삼전
독립문,아현
독립문,상월곡
독립문,언주
독립문,한성대입구
독립문,거여
독립문,동작
독립문,상일동
독립문,신사
독립문,강동구청
독립문,개화산
독립문,신길
독립문,이수
독립문,신당
독립문,잠실나루
독립문,양평
독립문,녹번
독립문,잠실
독립문,용답
남한산성입구,미아사거리
남한산성입구,홍제
남한산성입구,도봉산
남한산성입구,천호
남한산성입구,내방
남한산성입구,단대오거리
남한산성입구,뚝섬
남한산성입구,강일
남한산성입구,홍대입구
남한산성입구,버티고개
남한산성입구,남부터미널
남한산성입구,부평구청
남한산성입구,송파
남한산성입구,이대
남한산성입구,이촌
남한산성입구,안암
남한산성입구,무악재
남한산성입구,용마산
남한산성입구,디지털미디어시티
남한산성입구,마포구청
남한산성입구,광흥창
남한산성입구,경복궁
남한산성입구,화곡
남한산성입구,한강진
남한산성입구,월드컵경기장
남한산성입구,대림
남한산성입구,마천
남한산성입구,월곡
남한산성입구,길동
남한산성입구,방배
남한산성입구,성수
남한산성입구,지축
남한산성입구,숙대입구
남한산성입구,명일
남한산성입구,청구
남한산성입구,봉천
남한산성입구,동대입구
남한산성입구,구산
남한산성입구,서울역
남한산성입구,회현
남한산성입구,사가정
남한산성입구,잠실새내
남한산성입구,왕십리
남한산성입구,동묘앞
남한산성입구,혜화
남한산성입구,상수
남한산성입구,충무로
남한산성입구,학여울
남한산성입구,수서
남한산성입구,건대입구
남한산성입구,매봉
남한산성입구,중화
남한산성입구,강남구청
남한산성입구,쌍문
남한산성입구,신용산
남한산성입구,석촌고분
남한산성입구,상계
남한산성입구,하남검단산
남한산성입구,신정
남한산성입구,구의
남한산성입구,경찰병원
남한산성입구,마들
남한산성입구,청담
남한산성입구,도곡
남한산성입구,신중동
남한산성입구,을지로4가
남한산성입구,선정릉
남한산성입구,김포공항
남한산성입구,남태령
남한산성입구,동대문
남한산성입구,마포
남한산성입구,영등포시장
남한산성입구,고덕
남한산성입구,대흥
남한산성입구,올림픽공원
남한산성입구,돌곶이
남한산성입구,학동
남한산성입구,삼전
남한산성입구,아현
남한산성입구,상월곡
남한산성입구,언주
남한산성입구,한성대입구
남한산성입구,거여
남한산성입구,동작
남한산성입구,상일동
남한산성입구,신사
남한산성입구,강동구청
남한산성입구,개화산
남한산성입구,신길
남한산성입구,이수
남한산성입구,신당
남한산성입구,잠실나루
남한산성입구,양평
남한산성입구,녹번
남한산성입구,잠실
남한산성입구,용답
미아사거리,홍제
미아사거리,도봉산
미아사거리,천호
미아사거리,내방
미아사거리,단대오거리
미아사거리,뚝섬
미아사거리,강일
미아사거리,홍대입구
미아사거리,버티고개
미아사거리,남부터미널
미아사거리,부평구청
미아사거리,송파
미아사거리,이대
미아사거리,이촌
미아사거리,안암
미아사거리,무악재
미아사거리,용마산
미아사거리,디지털미디어시티
미아사거리,마포구청
미아사거리,광흥창
미아사거리,경복궁
미아사거리,화곡
미아사거리,한강진
미아사거리,월드컵경기장
미아사거리,대림
미아사거리,마천
미아사거리,월곡
미아사거리,길동
미아사거리,방배
미아사거리,성수
미아사거리,지축
미아사거리,숙대입구
미아사거리,명일
미아사거리,청구
미아사거리,봉천
미아사거리,동대입구
미아사거리,구산
미아사거리,서울역
미아사거리,회현
미아사거리,사가정
미아사거리,잠실새내
미아사거리,왕십리
미아사거리,동묘앞
미아사거리,혜화
미아사거리,상수
미아사거리,충무로
미아사거리,학여울
미아사거리,수서
미아사거리,건대입구
미아사거리,매봉
미아사거리,중화
미아사거리,강남구청
미아사거리,쌍문
미아사거리,신용산
미아사거리,석촌고분
미아사거리,상계
미아사거리,하남검단산
미아사거리,신정
미아사거리,구의
미아사거리,경찰병원
미아사거리,마들
미아사거리,청담
미아사거리,도곡
미아사거리,신중동
미아사거리,을지로4가
미아사거리,선정릉
미아사거리,김포공항
미아사거리,남태령
미아사거리,동대문
미아사거리,마포
미아사거리,영등포시장
미아사거리,고덕
미아사거리,대흥
미아사거리,올림픽공원
미아사거리,돌곶이
미아사거리,학동
미아사거리,삼전
미아사거리,아현
미아사거리,상월곡
미아사거리,언주
미아사거리,한성대입구
미아사거리,거여
미아사거리,동작
미아사거리,상일동
미아사거리,신사
미아사거리,강동구청
미아사거리,개화산
미아사거리,신길
미아사거리,이수
미아사거리,신당
미아사거리,잠실나루
미아사거리,양평
미아사거리,녹번
미아사거리,잠실
미아사거리,용답
홍제,도봉산
홍제,천호
홍제,내방
홍제,단대오거리
홍제,뚝섬
홍제,강일
홍제,홍대입구
홍제,버티고개
홍제,남부터미널
홍제,부평구청
홍제,송파
홍제,이대
홍제,이촌
홍제,안암
홍제,무악재
홍제,용마산
홍제,디지털미디어시티
홍제,마포구청
홍제,광흥창
홍제,경복궁
홍제,화곡
홍제,한강진
홍제,월드컵경기장
홍제,대림
홍제,마천
홍제,월곡
홍제,길동
홍제,방배
홍제,성수
홍제,지축
홍제,숙대입구
홍제,명일
홍제,청구
홍제,봉천
홍제,동대입구
홍제,구산
홍제,서울역
홍제,회현
홍제,사가정
홍제,잠실새내
홍제,왕십리
홍제,동묘앞
홍제,혜화
홍제,상수
홍제,충무로
홍제,학여울
홍제,수서
홍제,건대입구
홍제,매봉
홍제,중화
홍제,강남구청
홍제,쌍문
홍제,신용산
홍제,석촌고분
홍제,상계
홍제,하남검단산
홍제,신정
홍제,구의
홍제,경찰병원
홍제,마들
홍제,청담
홍제,도곡
홍제,신중동
홍제,을지로4가
홍제,선정릉
홍제,김포공항
홍제,남태령
홍제,동대문
홍제,마포
홍제,영등포시장
홍제,고덕
홍제,대흥
홍제,올림픽공원
홍제,돌곶이
홍제,학동
홍제,삼전
홍제,아현
홍제,상월곡
홍제,언주
홍제,한성대입구
홍제,거여
홍제,동작
홍제,상일동
홍제,신사
홍제,강동구청
홍제,개화산
홍제,신길
홍제,이수
홍제,신당
홍제,잠실나루
홍제,양평
홍제,녹번
홍제,잠실
홍제,용답
도봉산,천호
도봉산,내방
도봉산,단대오거리
도봉산,뚝섬
도봉산,강일
도봉산,홍대입구
도봉산,버티고개
도봉산,남부터미널
도봉산,부평구청
도봉산,송파
도봉산,이대
도봉산,이촌
도봉산,안암
도봉산,무악재
도봉산,용마산
도봉산,디지털미디어시티
도봉산,마포구청
도봉산,광흥창
도봉산,경복궁
도봉산,화곡
도봉산,한강진
도봉산,월드컵경기장
도봉산,대림
도봉산,마천
도봉산,월곡
도봉산,길동
도봉산,방배
도봉산,성수
도봉산,지축
도봉산,숙대입구
도봉산,명일
도봉산,청구
도봉산,봉천
도봉산,동대입구
도봉산,구산
도봉산,서울역
도봉산,회현
도봉산,사가정
도봉산,잠실새내
도봉산,왕십리
도봉산,동묘앞
도봉산,혜화
도봉산,상수
도봉산,충무로
도봉산,학여울
도봉산,수서
도봉산,건대입구
도봉산,매봉
도봉산,중화
도봉산,강남구청
도봉산,쌍문
도봉산,신용산
도봉산,석촌고분
도봉산,상계
도봉산,하남검단산
도봉산,신정
도봉산,구의
도봉산,경찰병원
도봉산,마들
도봉산,청담
도봉산,도곡
도봉산,신중동
도봉산,을지로4가
도봉산,선정릉
도봉산,김포공항
도봉산,남태령
도봉산,동대문
도봉산,마포
도봉산,영등포시장
도봉산,고덕
도봉산,대흥
도봉산,올림픽공원
도봉산,돌곶이
도봉산,학동
도봉산,삼전
도봉산,아현
도봉산,상월곡
도봉산,언주
도봉산,한성대입구
도봉산,거여
도봉산,동작
도봉산,상일동
도봉산,신사
도봉산,강동구청
도봉산,개화산
도봉산,신길
도봉산,이수
도봉산,신당
도봉산,잠실나루
도봉산,양평
도봉산,녹번
도봉산,잠실
도봉산,용답
천호,내방
천호,단대오거리
천호,뚝섬
천호,강일
천호,홍대입구
천호,버티고개
천호,남부터미널
천호,부평구청
천호,송파
천호,이대
천호,이촌
천호,안암
천호,무악재
천호,용마산
천호,디지털미디어시티
천호,마포구청
천호,광흥창
천호,경복궁
천호,화곡
천호,한강진
천호,월드컵경기장
천호,대림
천호,마천
천호,월곡
천호,길동
천호,방배
천호,성수
천호,지축
천호,숙대입구
천호,명일
천호,청구
천호,봉천
천호,동대입구
천호,구산
천호,서울역
천호,회현
천호,사가정
천호,잠실새내
천호,왕십리
천호,동묘앞
천호,혜화
천호,상수
천호,충무로
천호,학여울
천호,수서
천호,건대입구
천호,매봉
천호,중화
천호,강남구청
천호,쌍문
천호,신용산
천호,석촌고분
천호,상계
천호,하남검단산
천호,신정
천호,구의
천호,경찰병원
천호,마들
천호,청담
천호,도곡
천호,신중동
천호,을지로4가
천호,선정릉
천호,김포공항
천호,남태령
천호,동대문
천호,마포
천호,영등포시장
천호,고덕
천호,대흥
천호,올림픽공원
천호,돌곶이
천호,학동
천호,삼전
천호,아현
천호,상월곡
천호,언주
천호,한성대입구
천호,거여
천호,동작
천호,상일동
천호,신사
천호,강동구청
천호,개화산
천호,신길
천호,이수
천호,신당
천호,잠실나루
천호,양평
천호,녹번
천호,잠실
천호,용답
내방,단대오거리
내방,뚝섬
내방,강일
내방,홍대입구
내방,버티고개
내방,남부터미널
내방,부평구청
내방,송파
내방,이대
내방,이촌
내방,안암
내방,무악재
내방,용마산
내방,디지털미디어시티
내방,마포구청
내방,광흥창
내방,경복궁
내방,화곡
내방,한강진
내방,월드컵경기장
내방,대림
내방,마천
내방,월곡
내방,길동
내방,방배
내방,성수
내방,지축
내방,숙대입구
내방,명일
내방,청구
내방,봉천
내방,동대입구
내방,구산
내방,서울역
내방,회현
내방,사가정
내방,잠실새내
내방,왕십리
내방,동묘앞
내방,혜화
내방,상수
내방,충무로
내방,학여울
내방,수서
내방,건대입구
내방,매봉
내방,중화
내방,강남구청
내방,쌍문
내방,신용산
내방,석촌고분
내방,상계
내방,하남검단산
내방,신정
내방,구의
내방,경찰병원
내방,마들
내방,청담
내방,도곡
내방,신중동
내방,을지로4가
내방,선정릉
내방,김포공항
내방,남태령
내방,동대문
내방,마포
내방,영등포시장
내방,고덕
내방,대흥
내방,올림픽공원
내방,돌곶이
내방,학동
내방,삼전
내방,아현
내방,상월곡
내방,언주
내방,한성대입구
내방,거여
내방,동작
내방,상일동
내방,신사
내방,강동구청
내방,개화산
내방,신길
내방,이수
내방,신당
내방,잠실나루
내방,양평
내방,녹번
내방,잠실
내방,용답
단대오거리,뚝섬
단대오거리,강일
단대오거리,홍대입구
단대오거리,버티고개
단대오거리,남부터미널
단대오거리,부평구청
단대오거리,송파
단대오거리,이대
단대오거리,이촌
단대오거리,안암
단대오거리,무악재
단대오거리,용마산
단대오거리,디지털미디어시티
단대오거리,마포구청
단대오거리,광흥창
단대오거리,경복궁
단대오거리,화곡
단대오거리,한강진
단대오거리,월드컵경기장
단대오거리,대림
단대오거리,마천
단대오거리,월곡
단대오거리,길동
단대오거리,방배
단대오거리,성수
단대오거리,지축
단대오거리,숙대입구
단대오거리,명일
단대오거리,청구
단대오거리,봉천
단대오거리,동대입구
단대오거리,구산
단대오거리,서울역
단대오거리,회현
단대오거리,사가정
단대오거리,잠실새내
단대오거리,왕십리
단대오거리,동묘앞
단대오거리,혜화
단대오거리,상수
단대오거리,충무로
단대오거리,학여울
단대오거리,수서
단대오거리,건대입구
단대오거리,매봉
단대오거리,중화
단대오거리,강남구청
단대오거리,쌍문
단대오거리,신용산
단대오거리,석촌고분
단대오거리,상계
단대오거리,하남검단산
단대오거리,신정
단대오거리,구의
단대오거리,경찰병원
단대오거리,마들
단대오거리,청담
단대오거리,도곡
단대오거리,신중동
단대오거리,을지로4가
단대오거리,선정릉
단대오거리,김포공항
단대오거리,남태령
단대오거리,동대문
단대오거리,마포
단대오거리,영등포시장
단대오거리,고덕
단대오거리,대흥
단대오거리,올림픽공원
단대오거리,돌곶이
단대오거리,학동
단대오거리,삼전
단대오거리,아현
단대오거리,상월곡
단대오거리,언주
단대오거리,한성대입구
단대오거리,거여
단대오거리,동작
단대오거리,상일동
단대오거리,신사
단대오거리,강동구청
단대오거리,개화산
단대오거리,신길
단대오거리,이수
단대오거리,신당
단대오거리,잠실나루
단대오거리,양평
단대오거리,녹번
단대오거리,잠실
단대오거리,용답
뚝섬,강일
뚝섬,홍대입구
뚝섬,버티고개
뚝섬,남부터미널
뚝섬,부평구청
뚝섬,송파
뚝섬,이대
뚝섬,이촌
뚝섬,안암
뚝섬,무악재
뚝섬,용마산
뚝섬,디지털미디어시티
뚝섬,마포구청
뚝섬,광흥창
뚝섬,경복궁
뚝섬,화곡
뚝섬,한강진
뚝섬,월드컵경기장
뚝섬,대림
뚝섬,마천
뚝섬,월곡
뚝섬,길동
뚝섬,방배
뚝섬,성수
뚝섬,지축
뚝섬,숙대입구
뚝섬,명일
뚝섬,청구
뚝섬,봉천
뚝섬,동대입구
뚝섬,구산
뚝섬,서울역
뚝섬,회현
뚝섬,사가정
뚝섬,잠실새내
뚝섬,왕십리
뚝섬,동묘앞
뚝섬,혜화
뚝섬,상수
뚝섬,충무로
뚝섬,학여울
뚝섬,수서
뚝섬,건대입구
뚝섬,매봉
뚝섬,중화
뚝섬,강남구청
뚝섬,쌍문
뚝섬,신용산
뚝섬,석촌고분
뚝섬,상계
뚝섬,하남검단산
뚝섬,신정
뚝섬,구의
뚝섬,경찰병원
뚝섬,마들
뚝섬,청담
뚝섬,도곡
뚝섬,신중동
뚝섬,을지로4가
뚝섬,선정릉
뚝섬,김포공항
뚝섬,남태령
뚝섬,동대문
뚝섬,마포
뚝섬,영등포시장
뚝섬,고덕
뚝섬,대흥
뚝섬,올림픽공원
뚝섬,돌곶이
뚝섬,학동
뚝섬,삼전
뚝섬,아현
뚝섬,상월곡
뚝섬,언주
뚝섬,한성대입구
뚝섬,거여
뚝섬,동작
뚝섬,상일동
뚝섬,신사
뚝섬,강동구청
뚝섬,개화산
뚝섬,신길
뚝섬,이수
뚝섬,신당
뚝섬,잠실나루
뚝섬,양평
뚝섬,녹번
뚝섬,잠실
뚝섬,용답
강일,홍대입구
강일,버티고개
강일,남부터미널
강일,부평구청
강일,송파
강일,이대
강일,이촌
강일,안암
강일,무악재
강일,용마산
강일,디지털미디어시티
강일,마포구청
강일,광흥창
강일,경복궁
강일,화곡
강일,한강진
강일,월드컵경기장
강일,대림
강일,마천
강일,월곡
강일,길동
강일,방배
강일,성수
강일,지축
강일,숙대입구
강일,명일
강일,청구
강일,봉천
강일,동대입구
강일,구산
강일,서울역
강일,회현
강일,사가정
강일,잠실새내
강일,왕십리
강일,동묘앞
강일,혜화
강일,상수
강일,충무로
강일,학여울
강일,수서
강일,건대입구
강일,매봉
강일,중화
강일,강남구청
강일,쌍문
강일,신용산
강일,석촌고분
강일,상계
강일,하남검단산
강일,신정
강일,구의
강일,경찰병원
강일,마들
강일,청담
강일,도곡
강일,신중동
강일,을지로4가
강일,선정릉
강일,김포공항
강일,남태령
강일,동대문
강일,마포
강일,영등포시장
강일,고덕
강일,대흥
강일,올림픽공원
강일,돌곶이
강일,학동
강일,삼전
강일,아현
강일,상월곡
강일,언주
강일,한성대입구
강일,거여
강일,동작
강일,상일동
강일,신사
강일,강동구청
강일,개화산
강일,신길
강일,이수
강일,신당
강일,잠실나루
강일,양평
강일,녹번
강일,잠실
강일,용답
홍대입구,버티고개
홍대입구,남부터미널
홍대입구,부평구청
홍대입구,송파
홍대입구,이대
홍대입구,이촌
홍대입구,안암
홍대입구,무악재
홍대입구,용마산
홍대입구,디지털미디어시티
홍대입구,마포구청
홍대입구,광흥창
홍대입구,경복궁
홍대입구,화곡
홍대입구,한강진
홍대입구,월드컵경기장
홍대입구,대림
홍대입구,마천
홍대입구,월곡
홍대입구,길동
홍대입구,방배
홍대입구,성수
홍대입구,지축
홍대입구,숙대입구
홍대입구,명일
홍대입구,청구
홍대입구,봉천
홍대입구,동대입구
홍대입구,구산
홍대입구,서울역
홍대입구,회현
홍대입구,사가정
홍대입구,잠실새내
홍대입구,왕십리
홍대입구,동묘앞
홍대입구,혜화
홍대입구,상수
홍대입구,충무로
홍대입구,학여울
홍대입구,수서
홍대입구,건대입구
홍대입구,매봉
홍대입구,중화
홍대입구,강남구청
홍대입구,쌍문
홍대입구,신용산
홍대입구,석촌고분
홍대입구,상계
홍대입구,하남검단산
홍대입구,신정
홍대입구,구의
홍대입구,경찰병원
홍대입구,마들
홍대입구,청담
홍대입구,도곡
홍대입구,신중동
홍대입구,을지로4가
홍대입구,선정릉
홍대입구,김포공항
홍대입구,남태령
홍대입구,동대문
홍대입구,마포
홍대입구,영등포시장
홍대입구,고덕
홍대입구,대흥
홍대입구,올림픽공원
홍대입구,돌곶이
홍대입구,학동
홍대입구,삼전
홍대입구,아현
홍대입구,상월곡
홍대입구,언주
홍대입구,한성대입구
홍대입구,거여
홍대입구,동작
홍대입구,상일동
홍대입구,신사
홍대입구,강동구청
홍대입구,개화산
홍대입구,신길
홍대입구,이수
홍대입구,신당
홍대입구,잠실나루
홍대입구,양평
홍대입구,녹번
홍대입구,잠실
홍대입구,용답
버티고개,남부터미널
버티고개,부평구청
버티고개,송파
버티고개,이대
버티고개,이촌
버티고개,안암
버티고개,무악재
버티고개,용마산
버티고개,디지털미디어시티
버티고개,마포구청
버티고개,광흥창
버티고개,경복궁
버티고개,화곡
버티고개,한강진
버티고개,월드컵경기장
버티고개,대림
버티고개,마천
버티고개,월곡
버티고개,길동
버티고개,방배
버티고개,성수
버티고개,지축
버티고개,숙대입구
버티고개,명일
버티고개,청구
버티고개,봉천
버티고개,동대입구
버티고개,구산
버티고개,서울역
버티고개,회현
버티고개,사가정
버티고개,잠실새내
버티고개,왕십리
버티고개,동묘앞
버티고개,혜화
버티고개,상수
버티고개,충무로
버티고개,학여울
버티고개,수서
버티고개,건대입구
버티고개,매봉
버티고개,중화
버티고개,강남구청
버티고개,쌍문
버티고개,신용산
버티고개,석촌고분
버티고개,상계
버티고개,하남검단산
버티고개,신정
버티고개,구의
버티고개,경찰병원
버티고개,마들
버티고개,청담
버티고개,도곡
버티고개,신중동
버티고개,을지로4가
버티고개,선정릉
버티고개,김포공항
버티고개,남태령
버티고개,동대문
버티고개,마포
버티고개,영등포시장
버티고개,고덕
버티고개,대흥
버티고개,올림픽공원
버티고개,돌곶이
버티고개,학동
버티고개,삼전
버티고개,아현
버티고개,상월곡
버티고개,언주
버티고개,한성대입구
버티고개,거여
버티고개,동작
버티고개,상일동
버티고개,신사
버티고개,강동구청
버티고개,개화산
버티고개,신길
버티고개,이수
버티고개,신당
버티고개,잠실나루
버티고개,양평
버티고개,녹번
버티고개,잠실
버티고개,용답
남부터미널,부평구청
남부터미널,송파
남부터미널,이대
남부터미널,이촌
남부터미널,안암
남부터미널,무악재
남부터미널,용마산
남부터미널,디지털미디어시티
남부터미널,마포구청
남부터미널,광흥창
남부터미널,경복궁
남부터미널,화곡
남부터미널,한강진
남부터미널,월드컵경기장
남부터미널,대림
남부터미널,마천
남부터미널,월곡
남부터미널,길동
남부터미널,방배
남부터미널,성수
남부터미널,지축
남부터미널,숙대입구
남부터미널,명일
남부터미널,청구
남부터미널,봉천
남부터미널,동대입구
남부터미널,구산
남부터미널,서울역
남부터미널,회현
남부터미널,사가정
남부터미널,잠실새내
남부터미널,왕십리
남부터미널,동묘앞
남부터미널,혜화
남부터미널,상수
남부터미널,충무로
남부터미널,학여울
남부터미널,수서
남부터미널,건대입구
남부터미널,매봉
남부터미널,중화
남부터미널,강남구청
남부터미널,쌍문
남부터미널,신용산
남부터미널,석촌고분
남부터미널,상계
남부터미널,하남검단산
남부터미널,신정
남부터미널,구의
남부터미널,경찰병원
남부터미널,마들
남부터미널,청담
남부터미널,도곡
남부터미널,신중동
남부터미널,을지로4가
남부터미널,선정릉
남부터미널,김포공항
남부터미널,남태령
남부터미널,동대문
남부터미널,마포
남부터미널,영등포시장
남부터미널,고덕
남부터미널,대흥
남부터미널,올림픽공원
남부터미널,돌곶이
남부터미널,학동
남부터미널,삼전
남부터미널,아현
남부터미널,상월곡
남부터미널,언주
남부터미널,한성대입구
남부터미널,거여
남부터미널,동작
남부터미널,상일동
남부터미널,신사
남부터미널,강동구청
남부터미널,개화산
남부터미널,신길
남부터미널,이수
남부터미널,신당
남부터미널,잠실나루
남부터미널,양평
남부터미널,녹번
남부터미널,잠실
남부터미널,용답
부평구청,송파
부평구청,이대
부평구청,이촌
부평구청,안암
부평구청,무악재
부평구청,용마산
부평구청,디지털미디어시티
부평구청,마포구청
부평구청,광흥창
부평구청,경복궁
부평구청,화곡
부평구청,한강진
부평구청,월드컵경기장
부평구청,대림
부평구청,마천
부평구청,월곡
부평구청,길동
부평구청,방배
부평구청,성수
부평구청,지축
부평구청,숙대입구
부평구청,명일
부평구청,청구
부평구청,봉천
부평구청,동대입구
부평구청,구산
부평구청,서울역
부평구청,회현
부평구청,사가정
부평구청,잠실새내
부평구청,왕십리
부평구청,동묘앞
부평구청,혜화
부평구청,상수
부평구청,충무로
부평구청,학여울
부평구청,수서
부평구청,건대입구
부평구청,매봉
부평구청,중화
부평구청,강남구청
부평구청,쌍문
부평구청,신용산
부평구청,석촌고분
부평구청,상계
부평구청,하남검단산
부평구청,신정
부평구청,구의
부평구청,경찰병원
부평구청,마들
부평구청,청담
부평구청,도곡
부평구청,신중동
부평구청,을지로4가
부평구청,선정릉
부평구청,김포공항
부평구청,남태령
부평구청,동대문
부평구청,마포
부평구청,영등포시장
부평구청,고덕
부평구청,대흥
부평구청,올림픽공원
부평구청,돌곶이
부평구청,학동
부평구청,삼전
부평구청,아현
부평구청,상월곡
부평구청,언주
부평구청,한성대입구
부평구청,거여
부평구청,동작
부평구청,상일동
부평구청,신사
부평구청,강동구청
부평구청,개화산
부평구청,신길
부평구청,이수
부평구청,신당
부평구청,잠실나루
부평구청,양평
부평구청,녹번
부평구청,잠실
부평구청,용답
송파,이대
송파,이촌
송파,안암
송파,무악재
송파,용마산
송파,디지털미디어시티
송파,마포구청
송파,광흥창
송파,경복궁
송파,화곡
송파,한강진
송파,월드컵경기장
송파,대림
송파,마천
송파,월곡
송파,길동
송파,방배
송파,성수
송파,지축
송파,숙대입구
송파,명일
송파,청구
송파,봉천
송파,동대입구
송파,구산
송파,서울역
송파,회현
송파,사가정
송파,잠실새내
송파,왕십리
송파,동묘앞
송파,혜화
송파,상수
송파,충무로
송파,학여울
송파,수서
송파,건대입구
송파,매봉
송파,중화
송파,강남구청
송파,쌍문
송파,신용산
송파,석촌고분
송파,상계
송파,하남검단산
송파,신정
송파,구의
송파,경찰병원
송파,마들
송파,청담
송파,도곡
송파,신중동
송파,을지로4가
송파,선정릉
송파,김포공항
송파,남태령
송파,동대문
송파,마포
송파,영등포시장
송파,고덕
송파,대흥
송파,올림픽공원
송파,돌곶이
송파,학동
송파,삼전
송파,아현
송파,상월곡
송파,언주
송파,한성대입구
송파,거여
송파,동작
송파,상일동
송파,신사
송파,강동구청
송파,개화산
송파,신길
송파,이수
송파,신당
송파,잠실나루
송파,양평
송파,녹번
송파,잠실
송파,용답
이대,이촌
이대,안암
이대,무악재
이대,용마산
이대,디지털미디어시티
이대,마포구청
이대,광흥창
이대,경복궁
이대,화곡
이대,한강진
이대,월드컵경기장
이대,대림
이대,마천
이대,월곡
이대,길동
이대,방배
이대,성수
이대,지축
이대,숙대입구
이대,명일
이대,청구
이대,봉천
이대,동대입구
이대,구산
이대,서울역
이대,회현
이대,사가정
이대,잠실새내
이대,왕십리
이대,동묘앞
이대,혜화
이대,상수
이대,충무로
이대,학여울
이대,수서
이대,건대입구
이대,매봉
이대,중화
이대,강남구청
이대,쌍문
이대,신용산
이대,석촌고분
이대,상계
이대,하남검단산
이대,신정
이대,구의
이대,경찰병원
이대,마들
이대,청담
이대,도곡
이대,신중동
이대,을지로4가
이대,선정릉
이대,김포공항
이대,남태령
이대,동대문
이대,마포
이대,영등포시장
이대,고덕
이대,대흥
이대,올림픽공원
이대,돌곶이
이대,학동
이대,삼전
이대,아현
이대,상월곡
이대,언주
이대,한성대입구
이대,거여
이대,동작
이대,상일동
이대,신사
이대,강동구청
이대,개화산
이대,신길
이대,이수
이대,신당
이대,잠실나루
이대,양평
이대,녹번
이대,잠실
이대,용답
이촌,안암
이촌,무악재
이촌,용마산
이촌,디지털미디어시티
이촌,마포구청
이촌,광흥창
이촌,경복궁
이촌,화곡
이촌,한강진
이촌,월드컵경기장
이촌,대림
이촌,마천
이촌,월곡
이촌,길동
이촌,방배
이촌,성수
이촌,지축
이촌,숙대입구
이촌,명일
이촌,청구
이촌,봉천
이촌,동대입구
이촌,구산
이촌,서울역
이촌,회현
이촌,사가정
이촌,잠실새내
이촌,왕십리
이촌,동묘앞
이촌,혜화
이촌,상수
이촌,충무로
이촌,학여울
이촌,수서
이촌,건대입구
이촌,매봉
이촌,중화
이촌,강남구청
이촌,쌍문
이촌,신용산
이촌,석촌고분
이촌,상계
이촌,하남검단산
이촌,신정
이촌,구의
이촌,경찰병원
이촌,마들
이촌,청담
이촌,도곡
이촌,신중동
이촌,을지로4가
이촌,선정릉
이촌,김포공항
이촌,남태령
이촌,동대문
이촌,마포
이촌,영등포시장
이촌,고덕
이촌,대흥
이촌,올림픽공원
이촌,돌곶이
이촌,학동
이촌,삼전
이촌,아현
이촌,상월곡
이촌,언주
이촌,한성대입구
이촌,거여
이촌,동작
이촌,상일동
이촌,신사
이촌,강동구청
이촌,개화산
이촌,신길
이촌,이수
이촌,신당
이촌,잠실나루
이촌,양평
이촌,녹번
이촌,잠실
이촌,용답
안암,무악재
안암,용마산
안암,디지털미디어시티
안암,마포구청
안암,광흥창
안암,경복궁
안암,화곡
안암,한강진
안암,월드컵경기장
안암,대림
안암,마천
안암,월곡
안암,길동
안암,방배
안암,성수
안암,지축
안암,숙대입구
안암,명일
안암,청구
안암,봉천
안암,동대입구
안암,구산
안암,서울역
안암,회현
안암,사가정
안암,잠실새내
안암,왕십리
안암,동묘앞
안암,혜화
안암,상수
안암,충무로
안암,학여울
안암,수서
안암,건대입구
안암,매봉
안암,중화
안암,강남구청
안암,쌍문
안암,신용산
안암,석촌고분
안암,상계
안암,하남검단산
안암,신정
안암,구의
안암,경찰병원
안암,마들
안암,청담
안암,도곡
안암,신중동
안암,을지로4가
안암,선정릉
안암,김포공항
안암,남태령
안암,동대문
안암,마포
안암,영등포시장
안암,고덕
안암,대흥
안암,올림픽공원
안암,돌곶이
안암,학동
안암,삼전
안암,아현
안암,상월곡
안암,언주
안암,한성대입구
안암,거여
안암,동작
안암,상일동
안암,신사
안암,강동구청
안암,개화산
안암,신길
안암,이수
안암,신당
안암,잠실나루
안암,양평
안암,녹번
안암,잠실
안암,용답
무악재,용마산
무악재,디지털미디어시티
무악재,마포구청
무악재,광흥창
무악재,경복궁
무악재,화곡
무악재,한강진
무악재,월드컵경기장
무악재,대림
무악재,마천
무악재,월곡
무악재,길동
무악재,방배
무악재,성수
무악재,지축
무악재,숙대입구
무악재,명일
무악재,청구
무악재,봉천
무악재,동대입구
무악재,구산
무악재,서울역
무악재,회현
무악재,사가정
무악재,잠실새내
무악재,왕십리
무악재,동묘앞
무악재,혜화
무악재,상수
무악재,충무로
무악재,학여울
무악재,수서
무악재,건대입구
무악재,매봉
무악재,중화
무악재,강남구청
무악재,쌍문
무악재,신용산
무악재,석촌고분
무악재,상계
무악재,하남검단산
무악재,신정
무악재,구의
무악재,경찰병원
무악재,마들
무악재,청담
무악재,도곡
무악재,신중동
무악재,을지로4가
무악재,선정릉
무악재,김포공항
무악재,남태령
무악재,동대문
무악재,마포
무악재,영등포시장
무악재,고덕
무악재,대흥
무악재,올림픽공원
무악재,돌곶이
무악재,학동
무악재,삼전
무악재,아현
무악재,상월곡
무악재,언주
무악재,한성대입구
무악재,거여
무악재,동작
무악재,상일동
무악재,신사
무악재,강동구청
무악재,개화산
무악재,신길
무악재,이수
무악재,신당
무악재,잠실나루
무악재,양평
무악재,녹번
무악재,잠실
무악재,용답
용마산,디지털미디어시티
용마산,마포구청
용마산,광흥창
용마산,경복궁
용마산,화곡
용마산,한강진
용마산,월드컵경기장
용마산,대림
용마산,마천
용마산,월곡
용마산,길동
용마산,방배
용마산,성수
용마산,지축
용마산,숙대입구
용마산,명일
용마산,청구
용마산,봉천
용마산,동대입구
용마산,구산
용마산,서울역
용마산,회현
용마산,사가정
용마산,잠실새내
용마산,왕십리
용마산,동묘앞
용마산,혜화
용마산,상수
용마산,충무로
용마산,학여울
용마산,수서
용마산,건대입구
용마산,매봉
용마산,중화
용마산,강남구청
용마산,쌍문
용마산,신용산
용마산,석촌고분
용마산,상계
용마산,하남검단산
용마산,신정
용마산,구의
용마산,경찰병원
용마산,마들
용마산,청담
용마산,도곡
용마산,신중동
용마산,을지로4가
용마산,선정릉
용마산,김포공항
용마산,남태령
용마산,동대문
용마산,마포
용마산,영등포시장
용마산,고덕
용마산,대흥
용마산,올림픽공원
용마산,돌곶이
용마산,학동
용마산,삼전
용마산,아현
용마산,상월곡
용마산,언주
용마산,한성대입구
용마산,거여
용마산,동작
용마산,상일동
용마산,신사
용마산,강동구청
용마산,개화산
용마산,신길
용마산,이수
용마산,신당
용마산,잠실나루
용마산,양평
용마산,녹번
용마산,잠실
용마산,용답
디지털미디어시티,마포구청
디지털미디어시티,광흥창
디지털미디어시티,경복궁
디지털미디어시티,화곡
디지털미디어시티,한강진
디지털미디어시티,월드컵경기장
디지털미디어시티,대림
디지털미디어시티,마천
디지털미디어시티,월곡
디지털미디어시티,길동
디지털미디어시티,방배
디지털미디어시티,성수
디지털미디어시티,지축
디지털미디어시티,숙대입구
디지털미디어시티,명일
디지털미디어시티,청구
디지털미디어시티,봉천
디지털미디어시티,동대입구
디지털미디어시티,구산
디지털미디어시티,서울역
디지털미디어시티,회현
디지털미디어시티,사가정
디지털미디어시티,잠실새내
디지털미디어시티,왕십리
디지털미디어시티,동묘앞
디지털미디어시티,혜화
디지털미디어시티,상수
디지털미디어시티,충무로
디지털미디어시티,학여울
디지털미디어시티,수서
디지털미디어시티,건대입구
디지털미디어시티,매봉
디지털미디어시티,중화
디지털미디어시티,강남구청
디지털미디어시티,쌍문
디지털미디어시티,신용산
디지털미디어시티,석촌고분
디지털미디어시티,상계
디지털미디어시티,하남검단산
디지털미디어시티,신정
디지털미디어시티,구의
디지털미디어시티,경찰병원
디지털미디어시티,마들
디지털미디어시티,청담
디지털미디어시티,도곡
디지털미디어시티,신중동
디지털미디어시티,을지로4가
디지털미디어시티,선정릉
디지털미디어시티,김포공항
디지털미디어시티,남태령
디지털미디어시티,동대문
디지털미디어시티,마포
디지털미디어시티,영등포시장
디지털미디어시티,고덕
디지털미디어시티,대흥
디지털미디어시티,올림픽공원
디지털미디어시티,돌곶이
디지털미디어시티,학동
디지털미디어시티,삼전
디지털미디어시티,아현
디지털미디어시티,상월곡
디지털미디어시티,언주
디지털미디어시티,한성대입구
디지털미디어시티,거여
디지털미디어시티,동작
디지털미디어시티,상일동
디지털미디어시티,신사
디지털미디어시티,강동구청
디지털미디어시티,개화산
디지털미디어시티,신길
디지털미디어시티,이수
디지털미디어시티,신당
디지털미디어시티,잠실나루
디지털미디어시티,양평
디지털미디어시티,녹번
디지털미디어시티,잠실
디지털미디어시티,용답
마포구청,광흥창
마포구청,경복궁
마포구청,화곡
마포구청,한강진
마포구청,월드컵경기장
마포구청,대림
마포구청,마천
마포구청,월곡
마포구청,길동
마포구청,방배
마포구청,성수
마포구청,지축
마포구청,숙대입구
마포구청,명일
마포구청,청구
마포구청,봉천
마포구청,동대입구
마포구청,구산
마포구청,서울역
마포구청,회현
마포구청,사가정
마포구청,잠실새내
마포구청,왕십리
마포구청,동묘앞
마포구청,혜화
마포구청,상수
마포구청,충무로
마포구청,학여울
마포구청,수서
마포구청,건대입구
마포구청,매봉
마포구청,중화
마포구청,강남구청
마포구청,쌍문
마포구청,신용산
마포구청,석촌고분
마포구청,상계
마포구청,하남검단산
마포구청,신정
마포구청,구의
마포구청,경찰병원
마포구청,마들
마포구청,청담
마포구청,도곡
마포구청,신중동
마포구청,을지로4가
마포구청,선정릉
마포구청,김포공항
마포구청,남태령
마포구청,동대문
마포구청,마포
마포구청,영등포시장
마포구청,고덕
마포구청,대흥
마포구청,올림픽공원
마포구청,돌곶이
마포구청,학동
마포구청,삼전
마포구청,아현
마포구청,상월곡
마포구청,언주
마포구청,한성대입구
마포구청,거여
마포구청,동작
마포구청,상일동
마포구청,신사
마포구청,강동구청
마포구청,개화산
마포구청,신길
마포구청,이수
마포구청,신당
마포구청,잠실나루
마포구청,양평
마포구청,녹번
마포구청,잠실
마포구청,용답
광흥창,경복궁
광흥창,화곡
광흥창,한강진
광흥창,월드컵경기장
광흥창,대림
광흥창,마천
광흥창,월곡
광흥창,길동
광흥창,방배
광흥창,성수
광흥창,지축
광흥창,숙대입구
광흥창,명일
광흥창,청구
광흥창,봉천
광흥창,동대입구
광흥창,구산
광흥창,서울역
광흥창,회현
광흥창,사가정
광흥창,잠실새내
광흥창,왕십리
광흥창,동묘앞
광흥창,혜화
광흥창,상수
광흥창,충무로
광흥창,학여울
광흥창,수서
광흥창,건대입구
광흥창,매봉
광흥창,중화
광흥창,강남구청
광흥창,쌍문
광흥창,신용산
광흥창,석촌고분
광흥창,상계
광흥창,하남검단산
광흥창,신정
광흥창,구의
광흥창,경찰병원
광흥창,마들
광흥창,청담
광흥창,도곡
광흥창,신중동
광흥창,을지로4가
광흥창,선정릉
광흥창,김포공항
광흥창,남태령
광흥창,동대문
광흥창,마포
광흥창,영등포시장
광흥창,고덕
광흥창,대흥
광흥창,올림픽공원
광흥창,돌곶이
광흥창,학동
광흥창,삼전
광흥창,아현
광흥창,상월곡
광흥창,언주
광흥창,한성대입구
광흥창,거여
광흥창,동작
광흥창,상일동
광흥창,신사
광흥창,강동구청
광흥창,개화산
광흥창,신길
광흥창,이수
광흥창,신당
광흥창,잠실나루
광흥창,양평
광흥창,녹번
광흥창,잠실
광흥창,용답
경복궁,화곡
경복궁,한강진
경복궁,월드컵경기장
경복궁,대림
경복궁,마천
경복궁,월곡
경복궁,길동
경복궁,방배
경복궁,성수
경복궁,지축
경복궁,숙대입구
경복궁,명일
경복궁,청구
경복궁,봉천
경복궁,동대입구
경복궁,구산
경복궁,서울역
경복궁,회현
경복궁,사가정
경복궁,잠실새내
경복궁,왕십리
경복궁,동묘앞
경복궁,혜화
경복궁,상수
경복궁,충무로
경복궁,학여울
경복궁,수서
경복궁,건대입구
경복궁,매봉
경복궁,중화
경복궁,강남구청
경복궁,쌍문
경복궁,신용산
경복궁,석촌고분
경복궁,상계
경복궁,하남검단산
경복궁,신정
경복궁,구의
경복궁,경찰병원
경복궁,마들
경복궁,청담
경복궁,도곡
경복궁,신중동
경복궁,을지로4가
경복궁,선정릉
경복궁,김포공항
경복궁,남태령
경복궁,동대문
경복궁,마포
경복궁,영등포시장
경복궁,고덕
경복궁,대흥
경복궁,올림픽공원
경복궁,돌곶이
경복궁,학동
경복궁,삼전
경복궁,아현
경복궁,상월곡
경복궁,언주
경복궁,한성대입구
경복궁,거여
경복궁,동작
경복궁,상일동
경복궁,신사
경복궁,강동구청
경복궁,개화산
경복궁,신길
경복궁,이수
경복궁,신당
경복궁,잠실나루
경복궁,양평
경복궁,녹번
경복궁,잠실
경복궁,용답
화곡,한강진
화곡,월드컵경기장
화곡,대림
화곡,마천
화곡,월곡
화곡,길동
화곡,방배
화곡,성수
화곡,지축
화곡,숙대입구
화곡,명일
화곡,청구
화곡,봉천
화곡,동대입구
화곡,구산
화곡,서울역
화곡,회현
화곡,사가정
화곡,잠실새내
화곡,왕십리
화곡,동묘앞
화곡,혜화
화곡,상수
화곡,충무로
화곡,학여울
화곡,수서
화곡,건대입구
화곡,매봉
화곡,중화
화곡,강남구청
화곡,쌍문
화곡,신용산
화곡,석촌고분
화곡,상계
화곡,하남검단산
화곡,신정
화곡,구의
화곡,경찰병원
화곡,마들
화곡,청담
화곡,도곡
화곡,신중동
화곡,을지로4가
화곡,선정릉
화곡,김포공항
화곡,남태령
화곡,동대문
화곡,마포
화곡,영등포시장
화곡,고덕
화곡,대흥
화곡,올림픽공원
화곡,돌곶이
화곡,학동
화곡,삼전
화곡,아현
화곡,상월곡
화곡,언주
화곡,한성대입구
화곡,거여
화곡,동작
화곡,상일동
화곡,신사
화곡,강동구청
화곡,개화산
화곡,신길
화곡,이수
화곡,신당
화곡,잠실나루
화곡,양평
화곡,녹번
화곡,잠실
화곡,용답
한강진,월드컵경기장
한강진,대림
한강진,마천
한강진,월곡
한강진,길동
한강진,방배
한강진,성수
한강진,지축
한강진,숙대입구
한강진,명일
한강진,청구
한강진,봉천
한강진,동대입구
한강진,구산
한강진,서울역
한강진,회현
한강진,사가정
한강진,잠실새내
한강진,왕십리
한강진,동묘앞
한강진,혜화
한강진,상수
한강진,충무로
한강진,학여울
한강진,수서
한강진,건대입구
한강진,매봉
한강진,중화
한강진,강남구청
한강진,쌍문
한강진,신용산
한강진,석촌고분
한강진,상계
한강진,하남검단산
한강진,신정
한강진,구의
한강진,경찰병원
한강진,마들
한강진,청담
한강진,도곡
한강진,신중동
한강진,을지로4가
한강진,선정릉
한강진,김포공항
한강진,남태령
한강진,동대문
한강진,마포
한강진,영등포시장
한강진,고덕
한강진,대흥
한강진,올림픽공원
한강진,돌곶이
한강진,학동
한강진,삼전
한강진,아현
한강진,상월곡
한강진,언주
한강진,한성대입구
한강진,거여
한강진,동작
한강진,상일동
한강진,신사
한강진,강동구청
한강진,개화산
한강진,신길
한강진,이수
한강진,신당
한강진,잠실나루
한강진,양평
한강진,녹번
한강진,잠실
한강진,용답
월드컵경기장,대림
월드컵경기장,마천
월드컵경기장,월곡
월드컵경기장,길동
월드컵경기장,방배
월드컵경기장,성수
월드컵경기장,지축
월드컵경기장,숙대입구
월드컵경기장,명일
월드컵경기장,청구
월드컵경기장,봉천
월드컵경기장,동대입구
월드컵경기장,구산
월드컵경기장,서울역
월드컵경기장,회현
월드컵경기장,사가정
월드컵경기장,잠실새내
월드컵경기장,왕십리
월드컵경기장,동묘앞
월드컵경기장,혜화
월드컵경기장,상수
월드컵경기장,충무로
월드컵경기장,학여울
월드컵경기장,수서
월드컵경기장,건대입구
월드컵경기장,매봉
월드컵경기장,중화
월드컵경기장,강남구청
월드컵경기장,쌍문
월드컵경기장,신용산
월드컵경기장,석촌고분
월드컵경기장,상계
월드컵경기장,하남검단산
월드컵경기장,신정
월드컵경기장,구의
월드컵경기장,경찰병원
월드컵경기장,마들
월드컵경기장,청담
월드컵경기장,도곡
월드컵경기장,신중동
월드컵경기장,을지로4가
월드컵경기장,선정릉
월드컵경기장,김포공항
월드컵경기장,남태령
월드컵경기장,동대문
월드컵경기장,마포
월드컵경기장,영등포시장
월드컵경기장,고덕
월드컵경기장,대흥
월드컵경기장,올림픽공원
월드컵경기장,돌곶이
월드컵경기장,학동
월드컵경기장,삼전
월드컵경기장,아현
월드컵경기장,상월곡
월드컵경기장,언주
월드컵경기장,한성대입구
월드컵경기장,거여
월드컵경기장,동작
월드컵경기장,상일동
월드컵경기장,신사
월드컵경기장,강동구청
월드컵경기장,개화산
월드컵경기장,신길
월드컵경기장,이수
월드컵경기장,신당
월드컵경기장,잠실나루
월드컵경기장,양평
월드컵경기장,녹번
월드컵경기장,잠실
월드컵경기장,용답
대림,마천
대림,월곡
대림,길동
대림,방배
대림,성수
대림,지축
대림,숙대입구
대림,명일
대림,청구
대림,봉천
대림,동대입구
대림,구산
대림,서울역
대림,회현
대림,사가정
대림,잠실새내
대림,왕십리
대림,동묘앞
대림,혜화
대림,상수
대림,충무로
대림,학여울
대림,수서
대림,건대입구
대림,매봉
대림,중화
대림,강남구청
대림,쌍문
대림,신용산
대림,석촌고분
대림,상계
대림,하남검단산
대림,신정
대림,구의
대림,경찰병원
대림,마들
대림,청담
대림,도곡
대림,신중동
대림,을지로4가
대림,선정릉
대림,김포공항
대림,남태령
대림,동대문
대림,마포
대림,영등포시장
대림,고덕
대림,대흥
대림,올림픽공원
대림,돌곶이
대림,학동
대림,삼전
대림,아현
대림,상월곡
대림,언주
대림,한성대입구
대림,거여
대림,동작
대림,상일동
대림,신사
대림,강동구청
대림,개화산
대림,신길
대림,이수
대림,신당
대림,잠실나루
대림,양평
대림,녹번
대림,잠실
대림,용답
마천,월곡
마천,길동
마천,방배
마천,성수
마천,지축
마천,숙대입구
마천,명일
마천,청구
마천,봉천
마천,동대입구
마천,구산
마천,서울역
마천,회현
마천,사가정
마천,잠실새내
마천,왕십리
마천,동묘앞
마천,혜화
마천,상수
마천,충무로
마천,학여울
마천,수서
마천,건대입구
마천,매봉
마천,중화
마천,강남구청
마천,쌍문
마천,신용산
마천,석촌고분
마천,상계
마천,하남검단산
마천,신정
마천,구의
마천,경찰병원
마천,마들
마천,청담
마천,도곡
마천,신중동
마천,을지로4가
마천,선정릉
마천,김포공항
마천,남태령
마천,동대문
마천,마포
마천,영등포시장
마천,고덕
마천,대흥
마천,올림픽공원
마천,돌곶이
마천,학동
마천,삼전
마천,아현
마천,상월곡
마천,언주
마천,한성대입구
마천,거여
마천,동작
마천,상일동
마천,신사
마천,강동구청
마천,개화산
마천,신길
마천,이수
마천,신당
마천,잠실나루
마천,양평
마천,녹번
마천,잠실
마천,용답
월곡,길동
월곡,방배
월곡,성수
월곡,지축
월곡,숙대입구
월곡,명일
월곡,청구
월곡,봉천
월곡,동대입구
월곡,구산
월곡,서울역
월곡,회현
월곡,사가정
월곡,잠실새내
월곡,왕십리
월곡,동묘앞
월곡,혜화
월곡,상수
월곡,충무로
월곡,학여울
월곡,수서
월곡,건대입구
월곡,매봉
월곡,중화
월곡,강남구청
월곡,쌍문
월곡,신용산
월곡,석촌고분
월곡,상계
월곡,하남검단산
월곡,신정
월곡,구의
월곡,경찰병원
월곡,마들
월곡,청담
월곡,도곡
월곡,신중동
월곡,을지로4가
월곡,선정릉
월곡,김포공항
월곡,남태령
월곡,동대문
월곡,마포
월곡,영등포시장
월곡,고덕
월곡,대흥
월곡,올림픽공원
월곡,돌곶이
월곡,학동
월곡,삼전
월곡,아현
월곡,상월곡
월곡,언주
월곡,한성대입구
월곡,거여
월곡,동작
월곡,상일동
월곡,신사
월곡,강동구청
월곡,개화산
월곡,신길
월곡,이수
월곡,신당
월곡,잠실나루
월곡,양평
월곡,녹번
월곡,잠실
월곡,용답
길동,방배
길동,성수
길동,지축
길동,숙대입구
길동,명일
길동,청구
길동,봉천
길동,동대입구
길동,구산
길동,서울역
길동,회현
길동,사가정
길동,잠실새내
길동,왕십리
길동,동묘앞
길동,혜화
길동,상수
길동,충무로
길동,학여울
길동,수서
길동,건대입구
길동,매봉
길동,중화
길동,강남구청
길동,쌍문
길동,신용산
길동,석촌고분
길동,상계
길동,하남검단산
길동,신정
길동,구의
길동,경찰병원
길동,마들
길동,청담
길동,도곡
길동,신중동
길동,을지로4가
길동,선정릉
길동,김포공항
길동,남태령
길동,동대문
길동,마포
길동,영등포시장
길동,고덕
길동,대흥
길동,올림픽공원
길동,돌곶이
길동,학동
길동,삼전
길동,아현
길동,상월곡
길동,언주
길동,한성대입구
길동,거여
길동,동작
길동,상일동
길동,신사
길동,강동구청
길동,개화산
길동,신길
길동,이수
길동,신당
길동,잠실나루
길동,양평
길동,녹번
길동,잠실
길동,용답
방배,성수
방배,지축
방배,숙대입구
방배,명일
방배,청구
방배,봉천
방배,동대입구
방배,구산
방배,서울역
방배,회현
방배,사가정
방배,잠실새내
방배,왕십리
방배,동묘앞
방배,혜화
방배,상수
방배,충무로
방배,학여울
방배,수서
방배,건대입구
방배,매봉
방배,중화
방배,강남구청
방배,쌍문
방배,신용산
방배,석촌고분
방배,상계
방배,하남검단산
방배,신정
방배,구의
방배,경찰병원
방배,마들
방배,청담
방배,도곡
방배,신중동
방배,을지로4가
방배,선정릉
방배,김포공항
방배,남태령
방배,동대문
방배,마포
방배,영등포시장
방배,고덕
방배,대흥
방배,올림픽공원
방배,돌곶이
방배,학동
방배,삼전
방배,아현
방배,상월곡
방배,언주
방배,한성대입구
방배,거여
방배,동작
방배,상일동
방배,신사
방배,강동구청
방배,개화산
방배,신길
방배,이수
방배,신당
방배,잠실나루
방배,양평
방배,녹번
방배,잠실
방배,용답
성수,지축
성수,숙대입구
성수,명일
성수,청구
성수,봉천
성수,동대입구
성수,구산
성수,서울역
성수,회현
성수,사가정
성수,잠실새내
성수,왕십리
성수,동묘앞
성수,혜화
성수,상수
성수,충무로
성수,학여울
성수,수서
성수,건대입구
성수,매봉
성수,중화
성수,강남구청
성수,쌍문
성수,신용산
성수,석촌고분
성수,상계
성수,하남검단산
성수,신정
성수,구의
성수,경찰병원
성수,마들
성수,청담
성수,도곡
성수,신중동
성수,을지로4가
성수,선정릉
성수,김포공항
성수,남태령
성수,동대문
성수,마포
성수,영등포시장
성수,고덕
성수,대흥
성수,올림픽공원
성수,돌곶이
성수,학동
성수,삼전
성수,아현
성수,상월곡
성수,언주
성수,한성대입구
성수,거여
성수,동작
성수,상일동
성수,신사
성수,강동구청
성수,개화산
성수,신길
성수,이수
성수,신당
성수,잠실나루
성수,양평
성수,녹번
성수,잠실
성수,용답
지축,숙대입구
지축,명일
지축,청구
지축,봉천
지축,동대입구
지축,구산
지축,서울역
지축,회현
지축,사가정
지축,잠실새내
지축,왕십리
지축,동묘앞
지축,혜화
지축,상수
지축,충무로
지축,학여울
지축,수서
지축,건대입구
지축,매봉
지축,중화
지축,강남구청
지축,쌍문
지축,신용산
지축,석촌고분
지축,상계
지축,하남검단산
지축,신정
지축,구의
지축,경찰병원
지축,마들
지축,청담
지축,도곡
지축,신중동
지축,을지로4가
지축,선정릉
지축,김포공항
지축,남태령
지축,동대문
지축,마포
지축,영등포시장
지축,고덕
지축,대흥
지축,올림픽공원
지축,돌곶이
지축,학동
지축,삼전
지축,아현
지축,상월곡
지축,언주
지축,한성대입구
지축,거여
지축,동작
지축,상일동
지축,신사
지축,강동구청
지축,개화산
지축,신길
지축,이수
지축,신당
지축,잠실나루
지축,양평
지축,녹번
지축,잠실
지축,용답
숙대입구,명일
숙대입구,청구
숙대입구,봉천
숙대입구,동대입구
숙대입구,구산
숙대입구,서울역
숙대입구,회현
숙대입구,사가정
숙대입구,잠실새내
숙대입구,왕십리
숙대입구,동묘앞
숙대입구,혜화
숙대입구,상수
숙대입구,충무로
숙대입구,학여울
숙대입구,수서
숙대입구,건대입구
숙대입구,매봉
숙대입구,중화
숙대입구,강남구청
숙대입구,쌍문
숙대입구,신용산
숙대입구,석촌고분
숙대입구,상계
숙대입구,하남검단산
숙대입구,신정
숙대입구,구의
숙대입구,경찰병원
숙대입구,마들
숙대입구,청담
숙대입구,도곡
숙대입구,신중동
숙대입구,을지로4가
숙대입구,선정릉
숙대입구,김포공항
숙대입구,남태령
숙대입구,동대문
숙대입구,마포
숙대입구,영등포시장
숙대입구,고덕
숙대입구,대흥
숙대입구,올림픽공원
숙대입구,돌곶이
숙대입구,학동
숙대입구,삼전
숙대입구,아현
숙대입구,상월곡
숙대입구,언주
숙대입구,한성대입구
숙대입구,거여
숙대입구,동작
숙대입구,상일동
숙대입구,신사
숙대입구,강동구청
숙대입구,개화산
숙대입구,신길
숙대입구,이수
숙대입구,신당
숙대입구,잠실나루
숙대입구,양평
숙대입구,녹번
숙대입구,잠실
숙대입구,용답
명일,청구
명일,봉천
명일,동대입구
명일,구산
명일,서울역
명일,회현
명일,사가정
명일,잠실새내
명일,왕십리
명일,동묘앞
명일,혜화
명일,상수
명일,충무로
명일,학여울
명일,수서
명일,건대입구
명일,매봉
명일,중화
명일,강남구청
명일,쌍문
명일,신용산
명일,석촌고분
명일,상계
명일,하남검단산
명일,신정
명일,구의
명일,경찰병원
명일,마들
명일,청담
명일,도곡
명일,신중동
명일,을지로4가
명일,선정릉
명일,김포공항
명일,남태령
명일,동대문
명일,마포
명일,영등포시장
명일,고덕
명일,대흥
명일,올림픽공원
명일,돌곶이
명일,학동
명일,삼전
명일,아현
명일,상월곡
명일,언주
명일,한성대입구
명일,거여
명일,동작
명일,상일동
명일,신사
명일,강동구청
명일,개화산
명일,신길
명일,이수
명일,신당
명일,잠실나루
명일,양평
명일,녹번
명일,잠실
명일,용답
청구,봉천
청구,동대입구
청구,구산
청구,서울역
청구,회현
청구,사가정
청구,잠실새내
청구,왕십리
청구,동묘앞
청구,혜화
청구,상수
청구,충무로
청구,학여울
청구,수서
청구,건대입구
청구,매봉
청구,중화
청구,강남구청
청구,쌍문
청구,신용산
청구,석촌고분
청구,상계
청구,하남검단산
청구,신정
청구,구의
청구,경찰병원
청구,마들
청구,청담
청구,도곡
청구,신중동
청구,을지로4가
청구,선정릉
청구,김포공항
청구,남태령
청구,동대문
청구,마포
청구,영등포시장
청구,고덕
청구,대흥
청구,올림픽공원
청구,돌곶이
청구,학동
청구,삼전
청구,아현
청구,상월곡
청구,언주
청구,한성대입구
청구,거여
청구,동작
청구,상일동
청구,신사
청구,강동구청
청구,개화산
청구,신길
청구,이수
청구,신당
청구,잠실나루
청구,양평
청구,녹번
청구,잠실
청구,용답
봉천,동대입구
봉천,구산
봉천,서울역
봉천,회현
봉천,사가정
봉천,잠실새내
봉천,왕십리
봉천,동묘앞
봉천,혜화
봉천,상수
봉천,충무로
봉천,학여울
봉천,수서
봉천,건대입구
봉천,매봉
봉천,중화
봉천,강남구청
봉천,쌍문
봉천,신용산
봉천,석촌고분
봉천,상계
봉천,하남검단산
봉천,신정
봉천,구의
봉천,경찰병원
봉천,마들
봉천,청담
봉천,도곡
봉천,신중동
봉천,을지로4가
봉천,선정릉
봉천,김포공항
봉천,남태령
봉천,동대문
봉천,마포
봉천,영등포시장
봉천,고덕
봉천,대흥
봉천,올림픽공원
봉천,돌곶이
봉천,학동
봉천,삼전
봉천,아현
봉천,상월곡
봉천,언주
봉천,한성대입구
봉천,거여
봉천,동작
봉천,상일동
봉천,신사
봉천,강동구청
봉천,개화산
봉천,신길
봉천,이수
봉천,신당
봉천,잠실나루
봉천,양평
봉천,녹번
봉천,잠실
봉천,용답
동대입구,구산
동대입구,서울역
동대입구,회현
동대입구,사가정
동대입구,잠실새내
동대입구,왕십리
동대입구,동묘앞
동대입구,혜화
동대입구,상수
동대입구,충무로
동대입구,학여울
동대입구,수서
동대입구,건대입구
동대입구,매봉
동대입구,중화
동대입구,강남구청
동대입구,쌍문
동대입구,신용산
동대입구,석촌고분
동대입구,상계
동대입구,하남검단산
동대입구,신정
동대입구,구의
동대입구,경찰병원
동대입구,마들
동대입구,청담
동대입구,도곡
동대입구,신중동
동대입구,을지로4가
동대입구,선정릉
동대입구,김포공항
동대입구,남태령
동대입구,동대문
동대입구,마포
동대입구,영등포시장
동대입구,고덕
동대입구,대흥
동대입구,올림픽공원
동대입구,돌곶이
동대입구,학동
동대입구,삼전
동대입구,아현
동대입구,상월곡
동대입구,언주
동대입구,한성대입구
동대입구,거여
동대입구,동작
동대입구,상일동
동대입구,신사
동대입구,강동구청
동대입구,개화산
동대입구,신길
동대입구,이수
동대입구,신당
동대입구,잠실나루
동대입구,양평
동대입구,녹번
동대입구,잠실
동대입구,용답
구산,서울역
구산,회현
구산,사가정
구산,잠실새내
구산,왕십리
구산,동묘앞
구산,혜화
구산,상수
구산,충무로
구산,학여울
구산,수서
구산,건대입구
구산,매봉
구산,중화
구산,강남구청
구산,쌍문
구산,신용산
구산,석촌고분
구산,상계
구산,하남검단산
구산,신정
구산,구의
구산,경찰병원
구산,마들
구산,청담
구산,도곡
구산,신중동
구산,을지로4가
구산,선정릉
구산,김포공항
구산,남태령
구산,동대문
구산,마포
구산,영등포시장
구산,고덕
구산,대흥
구산,올림픽공원
구산,돌곶이
구산,학동
구산,삼전
구산,아현
구산,상월곡
구산,언주
구산,한성대입구
구산,거여
구산,동작
구산,상일동
구산,신사
구산,강동구청
구산,개화산
구산,신길
구산,이수
구산,신당
구산,잠실나루
구산,양평
구산,녹번
구산,잠실
구산,용답
서울역,회현
서울역,사가정
서울역,잠실새내
서울역,왕십리
서울역,동묘앞
서울역,혜화
서울역,상수
서울역,충무로
서울역,학여울
서울역,수서
서울역,건대입구
서울역,매봉
서울역,중화
서울역,강남구청
서울역,쌍문
서울역,신용산
서울역,석촌고분
서울역,상계
서울역,하남검단산
서울역,신정
서울역,구의
서울역,경찰병원
서울역,마들
서울역,청담
서울역,도곡
서울역,신중동
서울역,을지로4가
서울역,선정릉
서울역,김포공항
서울역,남태령
서울역,동대문
서울역,마포
서울역,영등포시장
서울역,고덕
서울역,대흥
서울역,올림픽공원
서울역,돌곶이
서울역,학동
서울역,삼전
서울역,아현
서울역,상월곡
서울역,언주
서울역,한성대입구
서울역,거여
서울역,동작
서울역,상일동
서울역,신사
서울역,강동구청
서울역,개화산
서울역,신길
서울역,이수
서울역,신당
서울역,잠실나루
서울역,양평
서울역,녹번
서울역,잠실
서울역,용답
회현,사가정
회현,잠실새내
회현,왕십리
회현,동묘앞
회현,혜화
회현,상수
회현,충무로
회현,학여울
회현,수서
회현,건대입구
회현,매봉
회현,중화
회현,강남구청
회현,쌍문
회현,신용산
회현,석촌고분
회현,상계
회현,하남검단산
회현,신정
회현,구의
회현,경찰병원
회현,마들
회현,청담
회현,도곡
회현,신중동
회현,을지로4가
회현,선정릉
회현,김포공항
회현,남태령
회현,동대문
회현,마포
회현,영등포시장
회현,고덕
회현,대흥
회현,올림픽공원
회현,돌곶이
회현,학동
회현,삼전
회현,아현
회현,상월곡
회현,언주
회현,한성대입구
회현,거여
회현,동작
회현,상일동
회현,신사
회현,강동구청
회현,개화산
회현,신길
회현,이수
회현,신당
회현,잠실나루
회현,양평
회현,녹번
회현,잠실
회현,용답
사가정,잠실새내
사가정,왕십리
사가정,동묘앞
사가정,혜화
사가정,상수
사가정,충무로
사가정,학여울
사가정,수서
사가정,건대입구
사가정,매봉
사가정,중화
사가정,강남구청
사가정,쌍문
사가정,신용산
사가정,석촌고분
사가정,상계
사가정,하남검단산
사가정,신정
사가정,구의
사가정,경찰병원
사가정,마들
사가정,청담
사가정,도곡
사가정,신중동
사가정,을지로4가
사가정,선정릉
사가정,김포공항
사가정,남태령
사가정,동대문
사가정,마포
사가정,영등포시장
사가정,고덕
사가정,대흥
사가정,올림픽공원
사가정,돌곶이
사가정,학동
사가정,삼전
사가정,아현
사가정,상월곡
사가정,언주
사가정,한성대입구
사가정,거여
사가정,동작
사가정,상일동
사가정,신사
사가정,강동구청
사가정,개화산
사가정,신길
사가정,이수
사가정,신당
사가정,잠실나루
사가정,양평
사가정,녹번
사가정,잠실
사가정,용답
잠실새내,왕십리
잠실새내,동묘앞
잠실새내,혜화
잠실새내,상수
잠실새내,충무로
잠실새내,학여울
잠실새내,수서
잠실새내,건대입구
잠실새내,매봉
잠실새내,중화
잠실새내,강남구청
잠실새내,쌍문
잠실새내,신용산
잠실새내,석촌고분
잠실새내,상계
잠실새내,하남검단산
잠실새내,신정
잠실새내,구의
잠실새내,경찰병원
잠실새내,마들
잠실새내,청담
잠실새내,도곡
잠실새내,신중동
잠실새내,을지로4가
잠실새내,선정릉
잠실새내,김포공항
잠실새내,남태령
잠실새내,동대문
잠실새내,마포
잠실새내,영등포시장
잠실새내,고덕
잠실새내,대흥
잠실새내,올림픽공원
잠실새내,돌곶이
잠실새내,학동
잠실새내,삼전
잠실새내,아현
잠실새내,상월곡
잠실새내,언주
잠실새내,한성대입구
잠실새내,거여
잠실새내,동작
잠실새내,상일동
잠실새내,신사
잠실새내,강동구청
잠실새내,개화산
잠실새내,신길
잠실새내,이수
잠실새내,신당
잠실새내,잠실나루
잠실새내,양평
잠실새내,녹번
잠실새내,잠실
잠실새내,용답
왕십리,동묘앞
왕십리,혜화
왕십리,상수
왕십리,충무로
왕십리,학여울
왕십리,수서
왕십리,건대입구
왕십리,매봉
왕십리,중화
왕십리,강남구청
왕십리,쌍문
왕십리,신용산
왕십리,석촌고분
왕십리,상계
왕십리,하남검단산
왕십리,신정
왕십리,구의
왕십리,경찰병원
왕십리,마들
왕십리,청담
왕십리,도곡
왕십리,신중동
왕십리,을지로4가
왕십리,선정릉
왕십리,김포공항
왕십리,남태령
왕십리,동대문
왕십리,마포
왕십리,영등포시장
왕십리,고덕
왕십리,대흥
왕십리,올림픽공원
왕십리,돌곶이
왕십리,학동
왕십리,삼전
왕십리,아현
왕십리,상월곡
왕십리,언주
왕십리,한성대입구
왕십리,거여
왕십리,동작
왕십리,상일동
왕십리,신사
왕십리,강동구청
왕십리,개화산
왕십리,신길
왕십리,이수
왕십리,신당
왕십리,잠실나루
왕십리,양평
왕십리,녹번
왕십리,잠실
왕십리,용답
동묘앞,혜화
동묘앞,상수
동묘앞,충무로
동묘앞,학여울
동묘앞,수서
동묘앞,건대입구
동묘앞,매봉
동묘앞,중화
동묘앞,강남구청
동묘앞,쌍문
동묘앞,신용산
동묘앞,석촌고분
동묘앞,상계
동묘앞,하남검단산
동묘앞,신정
동묘앞,구의
동묘앞,경찰병원
동묘앞,마들
동묘앞,청담
동묘앞,도곡
동묘앞,신중동
동묘앞,을지로4가
동묘앞,선정릉
동묘앞,김포공항
동묘앞,남태령
동묘앞,동대문
동묘앞,마포
동묘앞,영등포시장
동묘앞,고덕
동묘앞,대흥
동묘앞,올림픽공원
동묘앞,돌곶이
동묘앞,학동
동묘앞,삼전
동묘앞,아현
동묘앞,상월곡
동묘앞,언주
동묘앞,한성대입구
동묘앞,거여
동묘앞,동작
동묘앞,상일동
동묘앞,신사
동묘앞,강동구청
동묘앞,개화산
동묘앞,신길
동묘앞,이수
동묘앞,신당
동묘앞,잠실나루
동묘앞,양평
동묘앞,녹번
동묘앞,잠실
동묘앞,용답
혜화,상수
혜화,충무로
혜화,학여울
혜화,수서
혜화,건대입구
혜화,매봉
혜화,중화
혜화,강남구청
혜화,쌍문
혜화,신용산
혜화,석촌고분
혜화,상계
혜화,하남검단산
혜화,신정
혜화,구의
혜화,경찰병원
혜화,마들
혜화,청담
혜화,도곡
혜화,신중동
혜화,을지로4가
혜화,선정릉
혜화,김포공항
혜화,남태령
혜화,동대문
혜화,마포
혜화,영등포시장
혜화,고덕
혜화,대흥
혜화,올림픽공원
혜화,돌곶이
혜화,학동
혜화,삼전
혜화,아현
혜화,상월곡
혜화,언주
혜화,한성대입구
혜화,거여
혜화,동작
혜화,상일동
혜화,신사
혜화,강동구청
혜화,개화산
혜화,신길
혜화,이수
혜화,신당
혜화,잠실나루
혜화,양평
혜화,녹번
혜화,잠실
혜화,용답
상수,충무로
상수,학여울
상수,수서
상수,건대입구
상수,매봉
상수,중화
상수,강남구청
상수,쌍문
상수,신용산
상수,석촌고분
상수,상계
상수,하남검단산
상수,신정
상수,구의
상수,경찰병원
상수,마들
상수,청담
상수,도곡
상수,신중동
상수,을지로4가
상수,선정릉
상수,김포공항
상수,남태령
상수,동대문
상수,마포
상수,영등포시장
상수,고덕
상수,대흥
상수,올림픽공원
상수,돌곶이
상수,학동
상수,삼전
상수,아현
상수,상월곡
상수,언주
상수,한성대입구
상수,거여
상수,동작
상수,상일동
상수,신사
상수,강동구청
상수,개화산
상수,신길
상수,이수
상수,신당
상수,잠실나루
상수,양평
상수,녹번
상수,잠실
상수,용답
충무로,학여울
충무로,수서
충무로,건대입구
충무로,매봉
충무로,중화
충무로,강남구청
충무로,쌍문
충무로,신용산
충무로,석촌고분
충무로,상계
충무로,하남검단산
충무로,신정
충무로,구의
충무로,경찰병원
충무로,마들
충무로,청담
충무로,도곡
충무로,신중동
충무로,을지로4가
충무로,선정릉
충무로,김포공항
충무로,남태령
충무로,동대문
충무로,마포
충무로,영등포시장
충무로,고덕
충무로,대흥
충무로,올림픽공원
충무로,돌곶이
충무로,학동
충무로,삼전
충무로,아현
충무로,상월곡
충무로,언주
충무로,한성대입구
충무로,거여
충무로,동작
충무로,상일동
충무로,신사
충무로,강동구청
충무로,개화산
충무로,신길
충무로,이수
충무로,신당
충무로,잠실나루
충무로,양평
충무로,녹번
충무로,잠실
충무로,용답
학여울,수서
학여울,건대입구
학여울,매봉
학여울,중화
학여울,강남구청
학여울,쌍문
학여울,신용산
학여울,석촌고분
학여울,상계
학여울,하남검단산
학여울,신정
학여울,구의
학여울,경찰병원
학여울,마들
학여울,청담
학여울,도곡
학여울,신중동
학여울,을지로4가
학여울,선정릉
학여울,김포공항
학여울,남태령
학여울,동대문
학여울,마포
학여울,영등포시장
학여울,고덕
학여울,대흥
학여울,올림픽공원
학여울,돌곶이
학여울,학동
학여울,삼전
학여울,아현
학여울,상월곡
학여울,언주
학여울,한성대입구
학여울,거여
학여울,동작
학여울,상일동
학여울,신사
학여울,강동구청
학여울,개화산
학여울,신길
학여울,이수
학여울,신당
학여울,잠실나루
학여울,양평
학여울,녹번
학여울,잠실
학여울,용답
수서,건대입구
수서,매봉
수서,중화
수서,강남구청
수서,쌍문
수서,신용산
수서,석촌고분
수서,상계
수서,하남검단산
수서,신정
수서,구의
수서,경찰병원
수서,마들
수서,청담
수서,도곡
수서,신중동
수서,을지로4가
수서,선정릉
수서,김포공항
수서,남태령
수서,동대문
수서,마포
수서,영등포시장
수서,고덕
수서,대흥
수서,올림픽공원
수서,돌곶이
수서,학동
수서,삼전
수서,아현
수서,상월곡
수서,언주
수서,한성대입구
수서,거여
수서,동작
수서,상일동
수서,신사
수서,강동구청
수서,개화산
수서,신길
수서,이수
수서,신당
수서,잠실나루
수서,양평
수서,녹번
수서,잠실
수서,용답
건대입구,매봉
건대입구,중화
건대입구,강남구청
건대입구,쌍문
건대입구,신용산
건대입구,석촌고분
건대입구,상계
건대입구,하남검단산
건대입구,신정
건대입구,구의
건대입구,경찰병원
건대입구,마들
건대입구,청담
건대입구,도곡
건대입구,신중동
건대입구,을지로4가
건대입구,선정릉
건대입구,김포공항
건대입구,남태령
건대입구,동대문
건대입구,마포
건대입구,영등포시장
건대입구,고덕
건대입구,대흥
건대입구,올림픽공원
건대입구,돌곶이
건대입구,학동
건대입구,삼전
건대입구,아현
건대입구,상월곡
건대입구,언주
건대입구,한성대입구
건대입구,거여
건대입구,동작
건대입구,상일동
건대입구,신사
건대입구,강동구청
건대입구,개화산
건대입구,신길
건대입구,이수
건대입구,신당
건대입구,잠실나루
건대입구,양평
건대입구,녹번
건대입구,잠실
건대입구,용답
매봉,중화
매봉,강남구청
매봉,쌍문
매봉,신용산
매봉,석촌고분
매봉,상계
매봉,하남검단산
매봉,신정
매봉,구의
매봉,경찰병원
매봉,마들
매봉,청담
매봉,도곡
매봉,신중동
매봉,을지로4가
매봉,선정릉
매봉,김포공항
매봉,남태령
매봉,동대문
매봉,마포
매봉,영등포시장
매봉,고덕
매봉,대흥
매봉,올림픽공원
매봉,돌곶이
매봉,학동
매봉,삼전
매봉,아현
매봉,상월곡
매봉,언주
매봉,한성대입구
매봉,거여
매봉,동작
매봉,상일동
매봉,신사
매봉,강동구청
매봉,개화산
매봉,신길
매봉,이수
매봉,신당
매봉,잠실나루
매봉,양평
매봉,녹번
매봉,잠실
매봉,용답
중화,강남구청
중화,쌍문
중화,신용산
중화,석촌고분
중화,상계
중화,하남검단산
중화,신정
중화,구의
중화,경찰병원
중화,마들
중화,청담
중화,도곡
중화,신중동
중화,을지로4가
중화,선정릉
중화,김포공항
중화,남태령
중화,동대문
중화,마포
중화,영등포시장
중화,고덕
중화,대흥
중화,올림픽공원
중화,돌곶이
중화,학동
중화,삼전
중화,아현
중화,상월곡
중화,언주
중화,한성대입구
중화,거여
중화,동작
중화,상일동
중화,신사
중화,강동구청
중화,개화산
중화,신길
중화,이수
중화,신당
중화,잠실나루
중화,양평
중화,녹번
중화,잠실
중화,용답
강남구청,쌍문
강남구청,신용산
강남구청,석촌고분
강남구청,상계
강남구청,하남검단산
강남구청,신정
강남구청,구의
강남구청,경찰병원
강남구청,마들
강남구청,청담
강남구청,도곡
강남구청,신중동
강남구청,을지로4가
강남구청,선정릉
강남구청,김포공항
강남구청,남태령
강남구청,동대문
강남구청,마포
강남구청,영등포시장
강남구청,고덕
강남구청,대흥
강남구청,올림픽공원
강남구청,돌곶이
강남구청,학동
강남구청,삼전
강남구청,아현
강남구청,상월곡
강남구청,언주
강남구청,한성대입구
강남구청,거여
강남구청,동작
강남구청,상일동
강남구청,신사
강남구청,강동구청
강남구청,개화산
강남구청,신길
강남구청,이수
강남구청,신당
강남구청,잠실나루
강남구청,양평
강남구청,녹번
강남구청,잠실
강남구청,용답
쌍문,신용산
쌍문,석촌고분
쌍문,상계
쌍문,하남검단산
쌍문,신정
쌍문,구의
쌍문,경찰병원
쌍문,마들
쌍문,청담
쌍문,도곡
쌍문,신중동
쌍문,을지로4가
쌍문,선정릉
쌍문,김포공항
쌍문,남태령
쌍문,동대문
쌍문,마포
쌍문,영등포시장
쌍문,고덕
쌍문,대흥
쌍문,올림픽공원
쌍문,돌곶이
쌍문,학동
쌍문,삼전
쌍문,아현
쌍문,상월곡
쌍문,언주
쌍문,한성대입구
쌍문,거여
쌍문,동작
쌍문,상일동
쌍문,신사
쌍문,강동구청
쌍문,개화산
쌍문,신길
쌍문,이수
쌍문,신당
쌍문,잠실나루
쌍문,양평
쌍문,녹번
쌍문,잠실
쌍문,용답
신용산,석촌고분
신용산,상계
신용산,하남검단산
신용산,신정
신용산,구의
신용산,경찰병원
신용산,마들
신용산,청담
신용산,도곡
신용산,신중동
신용산,을지로4가
신용산,선정릉
신용산,김포공항
신용산,남태령
신용산,동대문
신용산,마포
신용산,영등포시장
신용산,고덕
신용산,대흥
신용산,올림픽공원
신용산,돌곶이
신용산,학동
신용산,삼전
신용산,아현
신용산,상월곡
신용산,언주
신용산,한성대입구
신용산,거여
신용산,동작
신용산,상일동
신용산,신사
신용산,강동구청
신용산,개화산
신용산,신길
신용산,이수
신용산,신당
신용산,잠실나루
신용산,양평
신용산,녹번
신용산,잠실
신용산,용답
석촌고분,상계
석촌고분,하남검단산
석촌고분,신정
석촌고분,구의
석촌고분,경찰병원
석촌고분,마들
석촌고분,청담
석촌고분,도곡
석촌고분,신중동
석촌고분,을지로4가
석촌고분,선정릉
석촌고분,김포공항
석촌고분,남태령
석촌고분,동대문
석촌고분,마포
석촌고분,영등포시장
석촌고분,고덕
석촌고분,대흥
석촌고분,올림픽공원
석촌고분,돌곶이
석촌고분,학동
석촌고분,삼전
석촌고분,아현
석촌고분,상월곡
석촌고분,언주
석촌고분,한성대입구
석촌고분,거여
석촌고분,동작
석촌고분,상일동
석촌고분,신사
석촌고분,강동구청
석촌고분,개화산
석촌고분,신길
석촌고분,이수
석촌고분,신당
석촌고분,잠실나루
석촌고분,양평
석촌고분,녹번
석촌고분,잠실
석촌고분,용답
상계,하남검단산
상계,신정
상계,구의
상계,경찰병원
상계,마들
상계,청담
상계,도곡
상계,신중동
상계,을지로4가
상계,선정릉
상계,김포공항
상계,남태령
상계,동대문
상계,마포
상계,영등포시장
상계,고덕
상계,대흥
상계,올림픽공원
상계,돌곶이
상계,학동
상계,삼전
상계,아현
상계,상월곡
상계,언주
상계,한성대입구
상계,거여
상계,동작
상계,상일동
상계,신사
상계,강동구청
상계,개화산
상계,신길
상계,이수
상계,신당
상계,잠실나루
상계,양평
상계,녹번
상계,잠실
상계,용답
하남검단산,신정
하남검단산,구의
하남검단산,경찰병원
하남검단산,마들
하남검단산,청담
하남검단산,도곡
하남검단산,신중동
하남검단산,을지로4가
하남검단산,선정릉
하남검단산,김포공항
하남검단산,남태령
하남검단산,동대문
하남검단산,마포
하남검단산,영등포시장
하남검단산,고덕
하남검단산,대흥
하남검단산,올림픽공원
하남검단산,돌곶이
하남검단산,학동
하남검단산,삼전
하남검단산,아현
하남검단산,상월곡
하남검단산,언주
하남검단산,한성대입구
하남검단산,거여
하남검단산,동작
하남검단산,상일동
하남검단산,신사
하남검단산,강동구청
하남검단산,개화산
하남검단산,신길
하남검단산,이수
하남검단산,신당
하남검단산,잠실나루
하남검단산,양평
하남검단산,녹번
하남검단산,잠실
하남검단산,용답
신정,구의
신정,경찰병원
신정,마들
신정,청담
신정,도곡
신정,신중동
신정,을지로4가
신정,선정릉
신정,김포공항
신정,남태령
신정,동대문
신정,마포
신정,영등포시장
신정,고덕
신정,대흥
신정,올림픽공원
신정,돌곶이
신정,학동
신정,삼전
신정,아현
신정,상월곡
신정,언주
신정,한성대입구
신정,거여
신정,동작
신정,상일동
신정,신사
신정,강동구청
신정,개화산
신정,신길
신정,이수
신정,신당
신정,잠실나루
신정,양평
신정,녹번
신정,잠실
신정,용답
구의,경찰병원
구의,마들
구의,청담
구의,도곡
구의,신중동
구의,을지로4가
구의,선정릉
구의,김포공항
구의,남태령
구의,동대문
구의,마포
구의,영등포시장
구의,고덕
구의,대흥
구의,올림픽공원
구의,돌곶이
구의,학동
구의,삼전
구의,아현
구의,상월곡
구의,언주
구의,한성대입구
구의,거여
구의,동작
구의,상일동
구의,신사
구의,강동구청
구의,개화산
구의,신길
구의,이수
구의,신당
구의,잠실나루
구의,양평
구의,녹번
구의,잠실
구의,용답
경찰병원,마들
경찰병원,청담
경찰병원,도곡
경찰병원,신중동
경찰병원,을지로4가
경찰병원,선정릉
경찰병원,김포공항
경찰병원,남태령
경찰병원,동대문
경찰병원,마포
경찰병원,영등포시장
경찰병원,고덕
경찰병원,대흥
경찰병원,올림픽공원
경찰병원,돌곶이
경찰병원,학동
경찰병원,삼전
경찰병원,아현
경찰병원,상월곡
경찰병원,언주
경찰병원,한성대입구
경찰병원,거여
경찰병원,동작
경찰병원,상일동
경찰병원,신사
경찰병원,강동구청
경찰병원,개화산
경찰병원,신길
경찰병원,이수
경찰병원,신당
경찰병원,잠실나루
경찰병원,양평
경찰병원,녹번
경찰병원,잠실
경찰병원,용답
마들,청담
마들,도곡
마들,신중동
마들,을지로4가
마들,선정릉
마들,김포공항
마들,남태령
마들,동대문
마들,마포
마들,영등포시장
마들,고덕
마들,대흥
마들,올림픽공원
마들,돌곶이
마들,학동
마들,삼전
마들,아현
마들,상월곡
마들,언주
마들,한성대입구
마들,거여
마들,동작
마들,상일동
마들,신사
마들,강동구청
마들,개화산
마들,신길
마들,이수
마들,신당
마들,잠실나루
마들,양평
마들,녹번
마들,잠실
마들,용답
청담,도곡
청담,신중동
청담,을지로4가
청담,선정릉
청담,김포공항
청담,남태령
청담,동대문
청담,마포
청담,영등포시장
청담,고덕
청담,대흥
청담,올림픽공원
청담,돌곶이
청담,학동
청담,삼전
청담,아현
청담,상월곡
청담,언주
청담,한성대입구
청담,거여
청담,동작
청담,상일동
청담,신사
청담,강동구청
청담,개화산
청담,신길
청담,이수
청담,신당
청담,잠실나루
청담,양평
청담,녹번
청담,잠실
청담,용답
도곡,신중동
도곡,을지로4가
도곡,선정릉
도곡,김포공항
도곡,남태령
도곡,동대문
도곡,마포
도곡,영등포시장
도곡,고덕
도곡,대흥
도곡,올림픽공원
도곡,돌곶이
도곡,학동
도곡,삼전
도곡,아현
도곡,상월곡
도곡,언주
도곡,한성대입구
도곡,거여
도곡,동작
도곡,상일동
도곡,신사
도곡,강동구청
도곡,개화산
도곡,신길
도곡,이수
도곡,신당
도곡,잠실나루
도곡,양평
도곡,녹번
도곡,잠실
도곡,용답
신중동,을지로4가
신중동,선정릉
신중동,김포공항
신중동,남태령
신중동,동대문
신중동,마포
신중동,영등포시장
신중동,고덕
신중동,대흥
신중동,올림픽공원
신중동,돌곶이
신중동,학동
신중동,삼전
신중동,아현
신중동,상월곡
신중동,언주
신중동,한성대입구
신중동,거여
신중동,동작
신중동,상일동
신중동,신사
신중동,강동구청
신중동,개화산
신중동,신길
신중동,이수
신중동,신당
신중동,잠실나루
신중동,양평
신중동,녹번
신중동,잠실
신중동,용답
을지로4가,선정릉
을지로4가,김포공항
을지로4가,남태령
을지로4가,동대문
을지로4가,마포
을지로4가,영등포시장
을지로4가,고덕
을지로4가,대흥
을지로4가,올림픽공원
을지로4가,돌곶이
을지로4가,학동
을지로4가,삼전
을지로4가,아현
을지로4가,상월곡
을지로4가,언주
을지로4가,한성대입구
을지로4가,거여
을지로4가,동작
을지로4가,상일동
을지로4가,신사
을지로4가,강동구청
을지로4가,개화산
을지로4가,신길
을지로4가,이수
을지로4가,신당
을지로4가,잠실나루
을지로4가,양평
을지로4가,녹번
을지로4가,잠실
을지로4가,용답
선정릉,김포공항
선정릉,남태령
선정릉,동대문
선정릉,마포
선정릉,영등포시장
선정릉,고덕
선정릉,대흥
선정릉,올림픽공원
선정릉,돌곶이
선정릉,학동
선정릉,삼전
선정릉,아현
선정릉,상월곡
선정릉,언주
선정릉,한성대입구
선정릉,거여
선정릉,동작
선정릉,상일동
선정릉,신사
선정릉,강동구청
선정릉,개화산
선정릉,신길
선정릉,이수
선정릉,신당
선정릉,잠실나루
선정릉,양평
선정릉,녹번
선정릉,잠실
선정릉,용답
김포공항,남태령
김포공항,동대문
김포공항,마포
김포공항,영등포시장
김포공항,고덕
김포공항,대흥
김포공항,올림픽공원
김포공항,돌곶이
김포공항,학동
김포공항,삼전
김포공항,아현
김포공항,상월곡
김포공항,언주
김포공항,한성대입구
김포공항,거여
김포공항,동작
김포공항,상일동
김포공항,신사
김포공항,강동구청
김포공항,개화산
김포공항,신길
김포공항,이수
김포공항,신당
김포공항,잠실나루
김포공항,양평
김포공항,녹번
김포공항,잠실
김포공항,용답
남태령,동대문
남태령,마포
남태령,영등포시장
남태령,고덕
남태령,대흥
남태령,올림픽공원
남태령,돌곶이
남태령,학동
남태령,삼전
남태령,아현
남태령,상월곡
남태령,언주
남태령,한성대입구
남태령,거여
남태령,동작
남태령,상일동
남태령,신사
남태령,강동구청
남태령,개화산
남태령,신길
남태령,이수
남태령,신당
남태령,잠실나루
남태령,양평
남태령,녹번
남태령,잠실
남태령,용답
동대문,마포
동대문,영등포시장
동대문,고덕
동대문,대흥
동대문,올림픽공원
동대문,돌곶이
동대문,학동
동대문,삼전
동대문,아현
동대문,상월곡
동대문,언주
동대문,한성대입구
동대문,거여
동대문,동작
동대문,상일동
동대문,신사
동대문,강동구청
동대문,개화산
동대문,신길
동대문,이수
동대문,신당
동대문,잠실나루
동대문,양평
동대문,녹번
동대문,잠실
동대문,용답
마포,영등포시장
마포,고덕
마포,대흥
마포,올림픽공원
마포,돌곶이
마포,학동
마포,삼전
마포,아현
마포,상월곡
마포,언주
마포,한성대입구
마포,거여
마포,동작
마포,상일동
마포,신사
마포,강동구청
마포,개화산
마포,신길
마포,이수
마포,신당
마포,잠실나루
마포,양평
마포,녹번
마포,잠실
마포,용답
영등포시장,고덕
영등포시장,대흥
영등포시장,올림픽공원
영등포시장,돌곶이
영등포시장,학동
영등포시장,삼전
영등포시장,아현
영등포시장,상월곡
영등포시장,언주
영등포시장,한성대입구
영등포시장,거여
영등포시장,동작
영등포시장,상일동
영등포시장,신사
영등포시장,강동구청
영등포시장,개화산
영등포시장,신길
영등포시장,이수
영등포시장,신당
영등포시장,잠실나루
영등포시장,양평
영등포시장,녹번
영등포시장,잠실
영등포시장,용답
고덕,대흥
고덕,올림픽공원
고덕,돌곶이
고덕,학동
고덕,삼전
고덕,아현
고덕,상월곡
고덕,언주
고덕,한성대입구
고덕,거여
고덕,동작
고덕,상일동
고덕,신사
고덕,강동구청
고덕,개화산
고덕,신길
고덕,이수
고덕,신당
고덕,잠실나루
고덕,양평
고덕,녹번
고덕,잠실
고덕,용답
대흥,올림픽공원
대흥,돌곶이
대흥,학동
대흥,삼전
대흥,아현
대흥,상월곡
대흥,언주
대흥,한성대입구
대흥,거여
대흥,동작
대흥,상일동
대흥,신사
대흥,강동구청
대흥,개화산
대흥,신길
대흥,이수
대흥,신당
대흥,잠실나루
대흥,양평
대흥,녹번
대흥,잠실
대흥,용답
올림픽공원,돌곶이
올림픽공원,학동
올림픽공원,삼전
올림픽공원,아현
올림픽공원,상월곡
올림픽공원,언주
올림픽공원,한성대입구
올림픽공원,거여
올림픽공원,동작
올림픽공원,상일동
올림픽공원,신사
올림픽공원,강동구청
올림픽공원,개화산
올림픽공원,신길
올림픽공원,이수
올림픽공원,신당
올림픽공원,잠실나루
올림픽공원,양평
올림픽공원,녹번
올림픽공원,잠실
올림픽공원,용답
돌곶이,학동
돌곶이,삼전
돌곶이,아현
돌곶이,상월곡
돌곶이,언주
돌곶이,한성대입구
돌곶이,거여
돌곶이,동작
돌곶이,상일동
돌곶이,신사
돌곶이,강동구청
돌곶이,개화산
돌곶이,신길
돌곶이,이수
돌곶이,신당
돌곶이,잠실나루
돌곶이,양평
돌곶이,녹번
돌곶이,잠실
돌곶이,용답
학동,삼전
학동,아현
학동,상월곡
학동,언주
학동,한성대입구
학동,거여
학동,동작
학동,상일동
학동,신사
학동,강동구청
학동,개화산
학동,신길
학동,이수
학동,신당
학동,잠실나루
학동,양평
학동,녹번
학동,잠실
학동,용답
삼전,아현
삼전,상월곡
삼전,언주
삼전,한성대입구
삼전,거여
삼전,동작
삼전,상일동
삼전,신사
삼전,강동구청
삼전,개화산
삼전,신길
삼전,이수
삼전,신당
삼전,잠실나루
삼전,양평
삼전,녹번
삼전,잠실
삼전,용답
아현,상월곡
아현,언주
아현,한성대입구
아현,거여
아현,동작
아현,상일동
아현,신사
아현,강동구청
아현,개화산
아현,신길
아현,이수
아현,신당
아현,잠실나루
아현,양평
아현,녹번
아현,잠실
아현,용답
상월곡,언주
상월곡,한성대입구
상월곡,거여
상월곡,동작
상월곡,상일동
상월곡,신사
상월곡,강동구청
상월곡,개화산
상월곡,신길
상월곡,이수
상월곡,신당
상월곡,잠실나루
상월곡,양평
상월곡,녹번
상월곡,잠실
상월곡,용답
언주,한성대입구
언주,거여
언주,동작
언주,상일동
언주,신사
언주,강동구청
언주,개화산
언주,신길
언주,이수
언주,신당
언주,잠실나루
언주,양평
언주,녹번
언주,잠실
언주,용답
한성대입구,거여
한성대입구,동작
한성대입구,상일동
한성대입구,신사
한성대입구,강동구청
한성대입구,개화산
한성대입구,신길
한성대입구,이수
한성대입구,신당
한성대입구,잠실나루
한성대입구,양평
한성대입구,녹번
한성대입구,잠실
한성대입구,용답
거여,동작
거여,상일동
거여,신사
거여,강동구청
거여,개화산
거여,신길
거여,이수
거여,신당
거여,잠실나루
거여,양평
거여,녹번
거여,잠실
거여,용답
동작,상일동
동작,신사
동작,강동구청
동작,개화산
동작,신길
동작,이수
동작,신당
동작,잠실나루
동작,양평
동작,녹번
동작,잠실
동작,용답
상일동,신사
상일동,강동구청
상일동,개화산
상일동,신길
상일동,이수
상일동,신당
상일동,잠실나루
상일동,양평
상일동,녹번
상일동,잠실
상일동,용답
신사,강동구청
신사,개화산
신사,신길
신사,이수
신사,신당
신사,잠실나루
신사,양평
신사,녹번
신사,잠실
신사,용답
강동구청,개화산
강동구청,신길
강동구청,이수
강동구청,신당
강동구청,잠실나루
강동구청,양평
강동구청,녹번
강동구청,잠실
강동구청,용답
개화산,신길
개화산,이수
개화산,신당
개화산,잠실나루
개화산,양평
개화산,녹번
개화산,잠실
개화산,용답
신길,이수
신길,신당
신길,잠실나루
신길,양평
신길,녹번
신길,잠실
신길,용답
이수,신당
이수,잠실나루
이수,양평
이수,녹번
이수,잠실
이수,용답
신당,잠실나루
신당,양평
신당,녹번
신당,잠실
신당,용답
잠실나루,양평
잠실나루,녹번
잠실나루,잠실
잠실나루,용답
양평,녹번
양평,잠실
양평,용답
녹번,잠실
녹번,용답
잠실,용답
